typeCode,freqCode,refPeriodId,refYear,refMonth,period,reporterCode,reporterISO,reporterDesc,flowCode,flowDesc,partnerCode,partnerISO,partnerDesc,partner2Code,partner2ISO,partner2Desc,classificationCode,classificationSearchCode,isOriginalClassification,cmdCode,cmdDesc,aggrLevel,isLeaf,customsCode,customsDesc,mosCode,motCode,motDesc,qtyUnitCode,qtyUnitAbbr,qty,isQtyEstimated,altQtyUnitCode,altQtyUnitAbbr,altQty,isAltQtyEstimated,netWgt,isNetWgtEstimated,grossWgt,isGrossWgtEstimated,cifvalue,fobvalue,primaryValue,legacyEstimationFlag,isReported,isAggregate
C,A,20180101,2018,52,2018,566,NGA,Nigeria,X,Export,0,W00,World,0,W00,World,H4,HS,TRUE,7108,"Gold (including gold plated with platinum) unwrought or in semi-manufactured forms, or in powder form",4,FALSE,C00,TOTAL CPC,0,0,TOTAL MOT,-1,N/A,0,FALSE,-1,N/A,0,FALSE,,FALSE,0,FALSE,,63250.052,63250.052,0,FALSE,TRUE
C,A,20180101,2018,52,2018,566,NGA,Nigeria,X,Export,784,ARE,United Arab Emirates,0,W00,World,H4,HS,TRUE,7108,"Gold (including gold plated with platinum) unwrought or in semi-manufactured forms, or in powder form",4,FALSE,C00,TOTAL CPC,0,0,TOTAL MOT,8,kg,1,FALSE,8,kg,1,FALSE,1,FALSE,0,FALSE,,24941.795,24941.795,0,FALSE,TRUE
C,A,20180101,2018,52,2018,566,NGA,Nigeria,X,Export,842,USA,USA,0,W00,World,H4,HS,TRUE,7108,"Gold (including gold plated with platinum) unwrought or in semi-manufactured forms, or in powder form",4,FALSE,C00,TOTAL CPC,0,0,TOTAL MOT,-1,N/A,0,FALSE,-1,N/A,0,FALSE,,FALSE,0,FALSE,,38308.257,38308.257,0,FALSE,TRUE
C,A,20180101,2018,52,2018,566,NGA,Nigeria,X,Export,0,W00,World,0,W00,World,H4,HS,TRUE,710812,"Metals; gold, non-monetary, unwrought (but not powder)",6,TRUE,C00,TOTAL CPC,0,0,TOTAL MOT,-1,N/A,0,FALSE,8,kg,1001,FALSE,,FALSE,0,FALSE,,63250.052,63250.052,0,FALSE,TRUE
C,A,20180101,2018,52,2018,566,NGA,Nigeria,X,Export,784,ARE,United Arab Emirates,0,W00,World,H4,HS,TRUE,710812,"Metals; gold, non-monetary, unwrought (but not powder)",6,TRUE,C00,TOTAL CPC,0,0,TOTAL MOT,8,kg,1,FALSE,8,kg,1,FALSE,1,FALSE,0,FALSE,,24941.795,24941.795,0,FALSE,TRUE
C,A,20180101,2018,52,2018,566,NGA,Nigeria,X,Export,842,USA,USA,0,W00,World,H4,HS,TRUE,710812,"Metals; gold, non-monetary, unwrought (but not powder)",6,TRUE,C00,TOTAL CPC,0,0,TOTAL MOT,-1,N/A,0,FALSE,8,kg,1000,FALSE,,FALSE,0,FALSE,,38308.257,38308.257,0,FALSE,TRUE
C,A,20200101,2020,52,2020,566,NGA,Nigeria,X,Export,0,W00,World,0,W00,World,H4,HS,TRUE,7108,"Gold (including gold plated with platinum) unwrought or in semi-manufactured forms, or in powder form",4,FALSE,C00,TOTAL CPC,0,0,TOTAL MOT,-1,N/A,0,TRUE,-1,N/A,0,FALSE,0,TRUE,0,FALSE,0,2066218.455,2066218.455,6,FALSE,TRUE
C,A,20200101,2020,52,2020,566,NGA,Nigeria,X,Export,784,ARE,United Arab Emirates,0,W00,World,H4,HS,TRUE,7108,"Gold (including gold plated with platinum) unwrought or in semi-manufactured forms, or in powder form",4,FALSE,C00,TOTAL CPC,0,0,TOTAL MOT,-1,N/A,0,TRUE,-1,N/A,0,FALSE,0,TRUE,0,FALSE,0,1592963.945,1592963.945,6,FALSE,TRUE
C,A,20200101,2020,52,2020,566,NGA,Nigeria,X,Export,792,TUR,FALSE,0,W00,World,H4,HS,TRUE,7108,"Gold (including gold plated with platinum) unwrought or in semi-manufactured forms, or in powder form",4,FALSE,C00,TOTAL CPC,0,0,TOTAL MOT,8,kg,30,FALSE,8,kg,30,FALSE,30,FALSE,0,FALSE,0,473254.51,473254.51,0,FALSE,TRUE
C,A,20200101,2020,52,2020,566,NGA,Nigeria,X,Export,0,W00,World,0,W00,World,H4,HS,TRUE,710812,"Metals; gold, non-monetary, unwrought (but not powder)",6,TRUE,C00,TOTAL CPC,0,0,TOTAL MOT,-1,N/A,0,TRUE,8,kg,107565,FALSE,0,TRUE,0,FALSE,0,1904286.886,1904286.886,6,FALSE,TRUE
C,A,20200101,2020,52,2020,566,NGA,Nigeria,X,Export,784,ARE,United Arab Emirates,0,W00,World,H4,HS,TRUE,710812,"Metals; gold, non-monetary, unwrought (but not powder)",6,TRUE,C00,TOTAL CPC,0,0,TOTAL MOT,-1,N/A,0,TRUE,8,kg,107535,FALSE,0,TRUE,0,FALSE,0,1431032.376,1431032.376,6,FALSE,TRUE
C,A,20200101,2020,52,2020,566,NGA,Nigeria,X,Export,792,TUR,FALSE,0,W00,World,H4,HS,TRUE,710812,"Metals; gold, non-monetary, unwrought (but not powder)",6,TRUE,C00,TOTAL CPC,0,0,TOTAL MOT,8,kg,30,FALSE,8,kg,30,FALSE,30,FALSE,0,FALSE,0,473254.51,473254.51,0,FALSE,TRUE
C,A,20200101,2020,52,2020,566,NGA,Nigeria,X,Export,0,W00,World,0,W00,World,H4,HS,TRUE,710813,"Metals; gold, semi-manufactured",6,TRUE,C00,TOTAL CPC,0,0,TOTAL MOT,-1,N/A,0,TRUE,8,kg,4400,FALSE,0,TRUE,0,FALSE,0,161931.568,161931.568,6,FALSE,TRUE
C,A,20200101,2020,52,2020,566,NGA,Nigeria,X,Export,784,ARE,United Arab Emirates,0,W00,World,H4,HS,TRUE,710813,"Metals; gold, semi-manufactured",6,TRUE,C00,TOTAL CPC,0,0,TOTAL MOT,-1,N/A,0,TRUE,8,kg,4400,FALSE,0,TRUE,0,FALSE,0,161931.568,161931.568,6,FALSE,TRUE
C,A,20210101,2021,52,2021,566,NGA,Nigeria,X,Export,0,W00,World,0,W00,World,H4,HS,TRUE,7108,"Gold (including gold plated with platinum) unwrought or in semi-manufactured forms, or in powder form",4,FALSE,C00,TOTAL CPC,0,0,TOTAL MOT,-1,N/A,0,FALSE,-1,N/A,0,FALSE,0,FALSE,0,FALSE,0,8290482.56,8290482.56,0,FALSE,TRUE
C,A,20210101,2021,52,2021,566,NGA,Nigeria,X,Export,757,CHE,Switzerland,0,W00,World,H4,HS,TRUE,7108,"Gold (including gold plated with platinum) unwrought or in semi-manufactured forms, or in powder form",4,FALSE,C00,TOTAL CPC,0,0,TOTAL MOT,8,kg,148.61,FALSE,8,kg,148.61,FALSE,148.61,FALSE,0,FALSE,0,7336973.944,7336973.944,0,FALSE,TRUE
C,A,20210101,2021,52,2021,566,NGA,Nigeria,X,Export,784,ARE,United Arab Emirates,0,W00,World,H4,HS,TRUE,7108,"Gold (including gold plated with platinum) unwrought or in semi-manufactured forms, or in powder form",4,FALSE,C00,TOTAL CPC,0,0,TOTAL MOT,-1,N/A,0,FALSE,-1,N/A,0,FALSE,0,FALSE,0,FALSE,0,577578.593,577578.593,0,FALSE,TRUE
C,A,20210101,2021,52,2021,566,NGA,Nigeria,X,Export,792,TUR,FALSE,0,W00,World,H4,HS,TRUE,7108,"Gold (including gold plated with platinum) unwrought or in semi-manufactured forms, or in powder form",4,FALSE,C00,TOTAL CPC,0,0,TOTAL MOT,-1,N/A,0,FALSE,-1,N/A,0,FALSE,0,FALSE,0,FALSE,0,375930.022,375930.022,0,FALSE,TRUE
C,A,20210101,2021,52,2021,566,NGA,Nigeria,X,Export,0,W00,World,0,W00,World,H4,HS,TRUE,710811,"Metals; gold, non-monetary, powder",6,TRUE,C00,TOTAL CPC,0,0,TOTAL MOT,-1,N/A,0,FALSE,8,kg,16348.61,FALSE,0,FALSE,0,FALSE,0,7914552.538,7914552.538,0,FALSE,TRUE
C,A,20210101,2021,52,2021,566,NGA,Nigeria,X,Export,757,CHE,Switzerland,0,W00,World,H4,HS,TRUE,710811,"Metals; gold, non-monetary, powder",6,TRUE,C00,TOTAL CPC,0,0,TOTAL MOT,8,kg,148.61,FALSE,8,kg,148.61,FALSE,148.61,FALSE,0,FALSE,0,7336973.944,7336973.944,0,FALSE,TRUE
C,A,20210101,2021,52,2021,566,NGA,Nigeria,X,Export,784,ARE,United Arab Emirates,0,W00,World,H4,HS,TRUE,710811,"Metals; gold, non-monetary, powder",6,TRUE,C00,TOTAL CPC,0,0,TOTAL MOT,-1,N/A,0,FALSE,8,kg,16200,FALSE,0,FALSE,0,FALSE,0,577578.593,577578.593,0,FALSE,TRUE
C,A,20210101,2021,52,2021,566,NGA,Nigeria,X,Export,0,W00,World,0,W00,World,H4,HS,TRUE,710812,"Metals; gold, non-monetary, unwrought (but not powder)",6,TRUE,C00,TOTAL CPC,0,0,TOTAL MOT,-1,N/A,0,FALSE,8,kg,18450,FALSE,0,FALSE,0,FALSE,0,375930.022,375930.022,0,FALSE,TRUE
C,A,20210101,2021,52,2021,566,NGA,Nigeria,X,Export,792,TUR,FALSE,0,W00,World,H4,HS,TRUE,710812,"Metals; gold, non-monetary, unwrought (but not powder)",6,TRUE,C00,TOTAL CPC,0,0,TOTAL MOT,-1,N/A,0,FALSE,8,kg,18450,FALSE,0,FALSE,0,FALSE,0,375930.022,375930.022,0,FALSE,TRUE
C,A,20220101,2022,52,2022,566,NGA,Nigeria,X,Export,0,W00,World,0,W00,World,H6,HS,TRUE,7108,"Gold (including gold plated with platinum) unwrought or in semi-manufactured forms, or in powder form",4,FALSE,C00,TOTAL CPC,0,0,TOTAL MOT,8,kg,19360.459,TRUE,-1,N/A,0,FALSE,19360.459,TRUE,0,FALSE,,150035854.9,150035854.9,6,FALSE,TRUE
C,A,20220101,2022,52,2022,566,NGA,Nigeria,X,Export,410,KOR,Rep. of Korea,0,W00,World,H6,HS,TRUE,7108,"Gold (including gold plated with platinum) unwrought or in semi-manufactured forms, or in powder form",4,FALSE,C00,TOTAL CPC,0,0,TOTAL MOT,8,kg,100,FALSE,8,kg,100,FALSE,100,FALSE,0,FALSE,,48720.819,48720.819,0,FALSE,TRUE
C,A,20220101,2022,52,2022,566,NGA,Nigeria,X,Export,757,CHE,Switzerland,0,W00,World,H6,HS,TRUE,7108,"Gold (including gold plated with platinum) unwrought or in semi-manufactured forms, or in powder form",4,FALSE,C00,TOTAL CPC,0,0,TOTAL MOT,8,kg,18910.459,TRUE,-1,N/A,0,FALSE,18910.459,TRUE,0,FALSE,,146221268.8,146221268.8,6,FALSE,TRUE
C,A,20220101,2022,52,2022,566,NGA,Nigeria,X,Export,784,ARE,United Arab Emirates,0,W00,World,H6,HS,TRUE,7108,"Gold (including gold plated with platinum) unwrought or in semi-manufactured forms, or in powder form",4,FALSE,C00,TOTAL CPC,0,0,TOTAL MOT,8,kg,350,FALSE,8,kg,350,FALSE,350,FALSE,0,FALSE,,3765865.241,3765865.241,0,FALSE,TRUE
C,A,20220101,2022,52,2022,566,NGA,Nigeria,X,Export,0,W00,World,0,W00,World,H6,HS,TRUE,710811,"Metals; gold, non-monetary, powder",6,TRUE,C00,TOTAL CPC,0,0,TOTAL MOT,8,kg,18927.309,TRUE,8,kg,190119.019,FALSE,18927.309,TRUE,0,FALSE,,146820803.2,146820803.2,6,FALSE,TRUE
C,A,20220101,2022,52,2022,566,NGA,Nigeria,X,Export,757,CHE,Switzerland,0,W00,World,H6,HS,TRUE,710811,"Metals; gold, non-monetary, powder",6,TRUE,C00,TOTAL CPC,0,0,TOTAL MOT,8,kg,18907.309,TRUE,8,kg,190099.019,FALSE,18907.309,TRUE,0,FALSE,,146041270.1,146041270.1,6,TRUE,FALSE
C,A,20220101,2022,52,2022,566,NGA,Nigeria,X,Export,784,ARE,United Arab Emirates,0,W00,World,H6,HS,TRUE,710811,"Metals; gold, non-monetary, powder",6,TRUE,C00,TOTAL CPC,0,0,TOTAL MOT,8,kg,20,FALSE,8,kg,20,FALSE,20,FALSE,0,FALSE,,779533.1,779533.1,0,TRUE,FALSE
C,A,20220101,2022,52,2022,566,NGA,Nigeria,X,Export,0,W00,World,0,W00,World,H6,HS,TRUE,710812,"Metals; gold, non-monetary, unwrought (but not powder)",6,TRUE,C00,TOTAL CPC,0,0,TOTAL MOT,8,kg,100,FALSE,8,kg,100,FALSE,100,FALSE,0,FALSE,,974415.791,974415.791,0,FALSE,TRUE
C,A,20220101,2022,52,2022,566,NGA,Nigeria,X,Export,784,ARE,United Arab Emirates,0,W00,World,H6,HS,TRUE,710812,"Metals; gold, non-monetary, unwrought (but not powder)",6,TRUE,C00,TOTAL CPC,0,0,TOTAL MOT,8,kg,100,FALSE,8,kg,100,FALSE,100,FALSE,0,FALSE,,974415.791,974415.791,0,TRUE,FALSE
C,A,20220101,2022,52,2022,566,NGA,Nigeria,X,Export,0,W00,World,0,W00,World,H6,HS,TRUE,710813,"Metals; gold, semi-manufactured",6,TRUE,C00,TOTAL CPC,0,0,TOTAL MOT,8,kg,333.15,FALSE,8,kg,333.15,FALSE,333.15,FALSE,0,FALSE,,2240635.873,2240635.873,0,FALSE,TRUE
C,A,20220101,2022,52,2022,566,NGA,Nigeria,X,Export,410,KOR,Rep. of Korea,0,W00,World,H6,HS,TRUE,710813,"Metals; gold, semi-manufactured",6,TRUE,C00,TOTAL CPC,0,0,TOTAL MOT,8,kg,100,FALSE,8,kg,100,FALSE,100,FALSE,0,FALSE,,48720.819,48720.819,0,TRUE,FALSE
C,A,20220101,2022,52,2022,566,NGA,Nigeria,X,Export,757,CHE,Switzerland,0,W00,World,H6,HS,TRUE,710813,"Metals; gold, semi-manufactured",6,TRUE,C00,TOTAL CPC,0,0,TOTAL MOT,8,kg,3.15,FALSE,8,kg,3.15,FALSE,3.15,FALSE,0,FALSE,,179998.704,179998.704,0,TRUE,FALSE
C,A,20220101,2022,52,2022,566,NGA,Nigeria,X,Export,784,ARE,United Arab Emirates,0,W00,World,H6,HS,TRUE,710813,"Metals; gold, semi-manufactured",6,TRUE,C00,TOTAL CPC,0,0,TOTAL MOT,8,kg,230,FALSE,8,kg,230,FALSE,230,FALSE,0,FALSE,,2011916.35,2011916.35,0,TRUE,FALSE
C,A,20230101,2023,52,2023,566,NGA,Nigeria,X,Export,0,W00,World,0,W00,World,H6,HS,TRUE,7108,"Gold (including gold plated with platinum) unwrought or in semi-manufactured forms, or in powder form",4,FALSE,C00,TOTAL CPC,0,0,TOTAL MOT,8,kg,3217.799,TRUE,-1,N/A,0,FALSE,3217.799,TRUE,0,FALSE,,141061875.6,141061875.6,6,FALSE,TRUE
C,A,20230101,2023,52,2023,566,NGA,Nigeria,X,Export,757,CHE,Switzerland,0,W00,World,H6,HS,TRUE,7108,"Gold (including gold plated with platinum) unwrought or in semi-manufactured forms, or in powder form",4,FALSE,C00,TOTAL CPC,0,0,TOTAL MOT,8,kg,3217.799,TRUE,-1,N/A,0,FALSE,3217.799,TRUE,0,FALSE,,141061875.6,141061875.6,6,FALSE,TRUE
C,A,20230101,2023,52,2023,566,NGA,Nigeria,X,Export,0,W00,World,0,W00,World,H6,HS,TRUE,710811,"Metals; gold, non-monetary, powder",6,TRUE,C00,TOTAL CPC,0,0,TOTAL MOT,8,kg,3217.799,TRUE,8,kg,929961.8,FALSE,3217.799,TRUE,0,FALSE,,141061875.6,141061875.6,6,FALSE,TRUE
C,A,20230101,2023,52,2023,566,NGA,Nigeria,X,Export,757,CHE,Switzerland,0,W00,World,H6,HS,TRUE,710811,"Metals; gold, non-monetary, powder",6,TRUE,C00,TOTAL CPC,0,0,TOTAL MOT,8,kg,3217.799,TRUE,8,kg,929961.8,FALSE,3217.799,TRUE,0,FALSE,,141061875.6,141061875.6,6,TRUE,FALSE
C,A,20180101,2018,52,2018,288,GHA,Ghana,X,Export,0,W00,World,0,W00,World,H5,HS,TRUE,7108,"Gold (including gold plated with platinum) unwrought or in semi-manufactured forms, or in powder form",4,FALSE,C00,TOTAL CPC,0,0,TOTAL MOT,8,kg,242131.663,TRUE,-1,N/A,0,FALSE,242131.663,TRUE,,FALSE,,6092571758,6092571758,0,FALSE,TRUE
C,A,20180101,2018,52,2018,288,GHA,Ghana,X,Export,36,AUS,Australia,0,W00,World,H5,HS,TRUE,7108,"Gold (including gold plated with platinum) unwrought or in semi-manufactured forms, or in powder form",4,FALSE,C00,TOTAL CPC,0,0,TOTAL MOT,8,kg,0.3,FALSE,8,kg,0.3,FALSE,0.3,FALSE,,FALSE,,12467.59,12467.59,0,FALSE,TRUE
C,A,20180101,2018,52,2018,288,GHA,Ghana,X,Export,56,BEL,Belgium,0,W00,World,H5,HS,TRUE,7108,"Gold (including gold plated with platinum) unwrought or in semi-manufactured forms, or in powder form",4,FALSE,C00,TOTAL CPC,0,0,TOTAL MOT,8,kg,62.81,FALSE,8,kg,62.81,FALSE,62.81,FALSE,,FALSE,,2581128.327,2581128.327,0,FALSE,TRUE
C,A,20180101,2018,52,2018,288,GHA,Ghana,X,Export,76,BRA,Brazil,0,W00,World,H5,HS,TRUE,7108,"Gold (including gold plated with platinum) unwrought or in semi-manufactured forms, or in powder form",4,FALSE,C00,TOTAL CPC,0,0,TOTAL MOT,8,kg,47.35,FALSE,8,kg,47.35,FALSE,47.35,FALSE,,FALSE,,1978182.651,1978182.651,0,FALSE,TRUE
C,A,20180101,2018,52,2018,288,GHA,Ghana,X,Export,124,CAN,Canada,0,W00,World,H5,HS,TRUE,7108,"Gold (including gold plated with platinum) unwrought or in semi-manufactured forms, or in powder form",4,FALSE,C00,TOTAL CPC,0,0,TOTAL MOT,8,kg,1.03,FALSE,8,kg,1.03,FALSE,1.03,FALSE,,FALSE,,41956.43,41956.43,0,FALSE,TRUE
C,A,20180101,2018,52,2018,288,GHA,Ghana,X,Export,156,CHN,China,0,W00,World,H5,HS,TRUE,7108,"Gold (including gold plated with platinum) unwrought or in semi-manufactured forms, or in powder form",4,FALSE,C00,TOTAL CPC,0,0,TOTAL MOT,8,kg,9.26,FALSE,8,kg,9.26,FALSE,9.26,FALSE,,FALSE,,37228.055,37228.055,0,FALSE,TRUE
C,A,20180101,2018,52,2018,288,GHA,Ghana,X,Export,208,DNK,Denmark,0,W00,World,H5,HS,TRUE,7108,"Gold (including gold plated with platinum) unwrought or in semi-manufactured forms, or in powder form",4,FALSE,C00,TOTAL CPC,0,0,TOTAL MOT,8,kg,0.07,FALSE,8,kg,0.07,FALSE,0.07,FALSE,,FALSE,,2596.704,2596.704,0,FALSE,TRUE
C,A,20180101,2018,52,2018,288,GHA,Ghana,X,Export,233,EST,Estonia,0,W00,World,H5,HS,TRUE,7108,"Gold (including gold plated with platinum) unwrought or in semi-manufactured forms, or in powder form",4,FALSE,C00,TOTAL CPC,0,0,TOTAL MOT,8,kg,0.94,FALSE,8,kg,0.94,FALSE,0.94,FALSE,,FALSE,,39696.448,39696.448,0,FALSE,TRUE
C,A,20180101,2018,52,2018,288,GHA,Ghana,X,Export,251,FRA,France,0,W00,World,H5,HS,TRUE,7108,"Gold (including gold plated with platinum) unwrought or in semi-manufactured forms, or in powder form",4,FALSE,C00,TOTAL CPC,0,0,TOTAL MOT,8,kg,1.8,FALSE,8,kg,1.8,FALSE,1.8,FALSE,,FALSE,,77487.219,77487.219,0,FALSE,TRUE
C,A,20180101,2018,52,2018,288,GHA,Ghana,X,Export,276,DEU,Germany,0,W00,World,H5,HS,TRUE,7108,"Gold (including gold plated with platinum) unwrought or in semi-manufactured forms, or in powder form",4,FALSE,C00,TOTAL CPC,0,0,TOTAL MOT,8,kg,1.02,FALSE,8,kg,1.02,FALSE,1.02,FALSE,,FALSE,,42448.75,42448.75,0,FALSE,TRUE
C,A,20180101,2018,52,2018,288,GHA,Ghana,X,Export,344,HKG,"China, Hong Kong SAR",0,W00,World,H5,HS,TRUE,7108,"Gold (including gold plated with platinum) unwrought or in semi-manufactured forms, or in powder form",4,FALSE,C00,TOTAL CPC,0,0,TOTAL MOT,8,kg,1460.62,FALSE,8,kg,1460.62,FALSE,1460.62,FALSE,,FALSE,,60467727.57,60467727.57,0,FALSE,TRUE
C,A,20180101,2018,52,2018,288,GHA,Ghana,X,Export,352,ISL,Iceland,0,W00,World,H5,HS,TRUE,7108,"Gold (including gold plated with platinum) unwrought or in semi-manufactured forms, or in powder form",4,FALSE,C00,TOTAL CPC,0,0,TOTAL MOT,8,kg,0.28,FALSE,8,kg,0.28,FALSE,0.28,FALSE,,FALSE,,11313.486,11313.486,0,FALSE,TRUE
C,A,20180101,2018,52,2018,288,GHA,Ghana,X,Export,380,ITA,Italy,0,W00,World,H5,HS,TRUE,7108,"Gold (including gold plated with platinum) unwrought or in semi-manufactured forms, or in powder form",4,FALSE,C00,TOTAL CPC,0,0,TOTAL MOT,8,kg,6.78,FALSE,8,kg,6.78,FALSE,6.78,FALSE,,FALSE,,277779.343,277779.343,0,FALSE,TRUE
C,A,20180101,2018,52,2018,288,GHA,Ghana,X,Export,392,JPN,Japan,0,W00,World,H5,HS,TRUE,7108,"Gold (including gold plated with platinum) unwrought or in semi-manufactured forms, or in powder form",4,FALSE,C00,TOTAL CPC,0,0,TOTAL MOT,8,kg,0.95,FALSE,8,kg,0.95,FALSE,0.95,FALSE,,FALSE,,38655.712,38655.712,0,FALSE,TRUE
C,A,20180101,2018,52,2018,288,GHA,Ghana,X,Export,410,KOR,Rep. of Korea,0,W00,World,H5,HS,TRUE,7108,"Gold (including gold plated with platinum) unwrought or in semi-manufactured forms, or in powder form",4,FALSE,C00,TOTAL CPC,0,0,TOTAL MOT,8,kg,14.45,FALSE,8,kg,14.45,FALSE,14.45,FALSE,,FALSE,,597504.801,597504.801,0,FALSE,TRUE
C,A,20180101,2018,52,2018,288,GHA,Ghana,X,Export,414,KWT,Kuwait,0,W00,World,H5,HS,TRUE,7108,"Gold (including gold plated with platinum) unwrought or in semi-manufactured forms, or in powder form",4,FALSE,C00,TOTAL CPC,0,0,TOTAL MOT,8,kg,1.84,FALSE,8,kg,1.84,FALSE,1.84,FALSE,,FALSE,,76181.664,76181.664,0,FALSE,TRUE
C,A,20180101,2018,52,2018,288,GHA,Ghana,X,Export,422,LBN,Lebanon,0,W00,World,H5,HS,TRUE,7108,"Gold (including gold plated with platinum) unwrought or in semi-manufactured forms, or in powder form",4,FALSE,C00,TOTAL CPC,0,0,TOTAL MOT,8,kg,2329.05,FALSE,8,kg,2329.05,FALSE,2329.05,FALSE,,FALSE,,97431187.05,97431187.05,0,FALSE,TRUE
C,A,20180101,2018,52,2018,288,GHA,Ghana,X,Export,470,MLT,Malta,0,W00,World,H5,HS,TRUE,7108,"Gold (including gold plated with platinum) unwrought or in semi-manufactured forms, or in powder form",4,FALSE,C00,TOTAL CPC,0,0,TOTAL MOT,8,kg,1.56,FALSE,8,kg,1.56,FALSE,1.56,FALSE,,FALSE,,65412.056,65412.056,0,FALSE,TRUE
C,A,20180101,2018,52,2018,288,GHA,Ghana,X,Export,586,PAK,Pakistan,0,W00,World,H5,HS,TRUE,7108,"Gold (including gold plated with platinum) unwrought or in semi-manufactured forms, or in powder form",4,FALSE,C00,TOTAL CPC,0,0,TOTAL MOT,8,kg,149,FALSE,8,kg,149,FALSE,149,FALSE,,FALSE,,5183509.859,5183509.859,0,FALSE,TRUE
C,A,20180101,2018,52,2018,288,GHA,Ghana,X,Export,620,PRT,Portugal,0,W00,World,H5,HS,TRUE,7108,"Gold (including gold plated with platinum) unwrought or in semi-manufactured forms, or in powder form",4,FALSE,C00,TOTAL CPC,0,0,TOTAL MOT,8,kg,6.74,FALSE,8,kg,6.74,FALSE,6.74,FALSE,,FALSE,,302478.618,302478.618,0,FALSE,TRUE
C,A,20180101,2018,52,2018,288,GHA,Ghana,X,Export,634,QAT,Qatar,0,W00,World,H5,HS,TRUE,7108,"Gold (including gold plated with platinum) unwrought or in semi-manufactured forms, or in powder form",4,FALSE,C00,TOTAL CPC,0,0,TOTAL MOT,8,kg,3,FALSE,8,kg,3,FALSE,3,FALSE,,FALSE,,149345.513,149345.513,0,FALSE,TRUE
C,A,20180101,2018,52,2018,288,GHA,Ghana,X,Export,682,SAU,Saudi Arabia,0,W00,World,H5,HS,TRUE,7108,"Gold (including gold plated with platinum) unwrought or in semi-manufactured forms, or in powder form",4,FALSE,C00,TOTAL CPC,0,0,TOTAL MOT,8,kg,3.81,FALSE,8,kg,3.81,FALSE,3.81,FALSE,,FALSE,,15818.968,15818.968,0,FALSE,TRUE
C,A,20180101,2018,52,2018,288,GHA,Ghana,X,Export,694,SLE,Sierra Leone,0,W00,World,H5,HS,TRUE,7108,"Gold (including gold plated with platinum) unwrought or in semi-manufactured forms, or in powder form",4,FALSE,C00,TOTAL CPC,0,0,TOTAL MOT,8,kg,9,FALSE,8,kg,9,FALSE,9,FALSE,,FALSE,,393443.448,393443.448,0,FALSE,TRUE
C,A,20180101,2018,52,2018,288,GHA,Ghana,X,Export,699,IND,India,0,W00,World,H5,HS,TRUE,7108,"Gold (including gold plated with platinum) unwrought or in semi-manufactured forms, or in powder form",4,FALSE,C00,TOTAL CPC,0,0,TOTAL MOT,8,kg,73729.3,FALSE,8,kg,73729.3,FALSE,73729.3,FALSE,,FALSE,,2860445527,2860445527,0,FALSE,TRUE
C,A,20180101,2018,52,2018,288,GHA,Ghana,X,Export,710,ZAF,South Africa,0,W00,World,H5,HS,TRUE,7108,"Gold (including gold plated with platinum) unwrought or in semi-manufactured forms, or in powder form",4,FALSE,C00,TOTAL CPC,0,0,TOTAL MOT,8,kg,26731.4,FALSE,8,kg,26731.4,FALSE,26731.4,FALSE,,FALSE,,916231515.6,916231515.6,0,FALSE,TRUE
C,A,20180101,2018,52,2018,288,GHA,Ghana,X,Export,724,ESP,Spain,0,W00,World,H5,HS,TRUE,7108,"Gold (including gold plated with platinum) unwrought or in semi-manufactured forms, or in powder form",4,FALSE,C00,TOTAL CPC,0,0,TOTAL MOT,8,kg,48.39,FALSE,8,kg,48.39,FALSE,48.39,FALSE,,FALSE,,1999841.301,1999841.301,0,FALSE,TRUE
C,A,20180101,2018,52,2018,288,GHA,Ghana,X,Export,757,CHE,Switzerland,0,W00,World,H5,HS,TRUE,7108,"Gold (including gold plated with platinum) unwrought or in semi-manufactured forms, or in powder form",4,FALSE,C00,TOTAL CPC,0,0,TOTAL MOT,8,kg,48681,FALSE,8,kg,48681,FALSE,48681,FALSE,,FALSE,,1620101542,1620101542,0,FALSE,TRUE
C,A,20180101,2018,52,2018,288,GHA,Ghana,X,Export,764,THA,Thailand,0,W00,World,H5,HS,TRUE,7108,"Gold (including gold plated with platinum) unwrought or in semi-manufactured forms, or in powder form",4,FALSE,C00,TOTAL CPC,0,0,TOTAL MOT,8,kg,2.96,FALSE,8,kg,2.96,FALSE,2.96,FALSE,,FALSE,,121967.078,121967.078,0,FALSE,TRUE
C,A,20180101,2018,52,2018,288,GHA,Ghana,X,Export,784,ARE,United Arab Emirates,0,W00,World,H5,HS,TRUE,7108,"Gold (including gold plated with platinum) unwrought or in semi-manufactured forms, or in powder form",4,FALSE,C00,TOTAL CPC,0,0,TOTAL MOT,8,kg,88462.913,TRUE,-1,N/A,0,FALSE,88462.913,TRUE,,FALSE,,508233844.7,508233844.7,0,FALSE,TRUE
C,A,20180101,2018,52,2018,288,GHA,Ghana,X,Export,792,TUR,FALSE,0,W00,World,H5,HS,TRUE,7108,"Gold (including gold plated with platinum) unwrought or in semi-manufactured forms, or in powder form",4,FALSE,C00,TOTAL CPC,0,0,TOTAL MOT,8,kg,285.99,FALSE,8,kg,285.99,FALSE,285.99,FALSE,,FALSE,,12352908.97,12352908.97,0,FALSE,TRUE
C,A,20180101,2018,52,2018,288,GHA,Ghana,X,Export,826,GBR,United Kingdom,0,W00,World,H5,HS,TRUE,7108,"Gold (including gold plated with platinum) unwrought or in semi-manufactured forms, or in powder form",4,FALSE,C00,TOTAL CPC,0,0,TOTAL MOT,8,kg,1.96,FALSE,8,kg,1.96,FALSE,1.96,FALSE,,FALSE,,78402.392,78402.392,0,FALSE,TRUE
C,A,20180101,2018,52,2018,288,GHA,Ghana,X,Export,842,USA,USA,0,W00,World,H5,HS,TRUE,7108,"Gold (including gold plated with platinum) unwrought or in semi-manufactured forms, or in powder form",4,FALSE,C00,TOTAL CPC,0,0,TOTAL MOT,8,kg,76.09,FALSE,8,kg,76.09,FALSE,76.09,FALSE,,FALSE,,3182657.81,3182657.81,0,FALSE,TRUE
C,A,20180101,2018,52,2018,288,GHA,Ghana,X,Export,0,W00,World,0,W00,World,H5,HS,TRUE,710812,"Metals; gold, non-monetary, unwrought (but not powder)",6,TRUE,C00,TOTAL CPC,0,0,TOTAL MOT,8,kg,70312.7,FALSE,8,kg,70312.7,FALSE,70312.7,FALSE,,FALSE,,647846299.1,647846299.1,0,FALSE,TRUE
C,A,20180101,2018,52,2018,288,GHA,Ghana,X,Export,344,HKG,"China, Hong Kong SAR",0,W00,World,H5,HS,TRUE,710812,"Metals; gold, non-monetary, unwrought (but not powder)",6,TRUE,C00,TOTAL CPC,0,0,TOTAL MOT,8,kg,0.96,FALSE,8,kg,0.96,FALSE,0.96,FALSE,,FALSE,,38044.272,38044.272,0,TRUE,FALSE
C,A,20180101,2018,52,2018,288,GHA,Ghana,X,Export,352,ISL,Iceland,0,W00,World,H5,HS,TRUE,710812,"Metals; gold, non-monetary, unwrought (but not powder)",6,TRUE,C00,TOTAL CPC,0,0,TOTAL MOT,8,kg,0.28,FALSE,8,kg,0.28,FALSE,0.28,FALSE,,FALSE,,11313.486,11313.486,0,TRUE,FALSE
C,A,20180101,2018,52,2018,288,GHA,Ghana,X,Export,470,MLT,Malta,0,W00,World,H5,HS,TRUE,710812,"Metals; gold, non-monetary, unwrought (but not powder)",6,TRUE,C00,TOTAL CPC,0,0,TOTAL MOT,8,kg,1.56,FALSE,8,kg,1.56,FALSE,1.56,FALSE,,FALSE,,65412.056,65412.056,0,TRUE,FALSE
C,A,20180101,2018,52,2018,288,GHA,Ghana,X,Export,682,SAU,Saudi Arabia,0,W00,World,H5,HS,TRUE,710812,"Metals; gold, non-monetary, unwrought (but not powder)",6,TRUE,C00,TOTAL CPC,0,0,TOTAL MOT,8,kg,3.81,FALSE,8,kg,3.81,FALSE,3.81,FALSE,,FALSE,,15818.968,15818.968,0,TRUE,FALSE
C,A,20180101,2018,52,2018,288,GHA,Ghana,X,Export,699,IND,India,0,W00,World,H5,HS,TRUE,710812,"Metals; gold, non-monetary, unwrought (but not powder)",6,TRUE,C00,TOTAL CPC,0,0,TOTAL MOT,8,kg,15324.5,FALSE,8,kg,15324.5,FALSE,15324.5,FALSE,,FALSE,,625054418,625054418,0,TRUE,FALSE
C,A,20180101,2018,52,2018,288,GHA,Ghana,X,Export,784,ARE,United Arab Emirates,0,W00,World,H5,HS,TRUE,710812,"Metals; gold, non-monetary, unwrought (but not powder)",6,TRUE,C00,TOTAL CPC,0,0,TOTAL MOT,8,kg,54981.1,FALSE,8,kg,54981.1,FALSE,54981.1,FALSE,,FALSE,,22640998.04,22640998.04,0,TRUE,FALSE
C,A,20180101,2018,52,2018,288,GHA,Ghana,X,Export,792,TUR,FALSE,0,W00,World,H5,HS,TRUE,710812,"Metals; gold, non-monetary, unwrought (but not powder)",6,TRUE,C00,TOTAL CPC,0,0,TOTAL MOT,8,kg,0.38,FALSE,8,kg,0.38,FALSE,0.38,FALSE,,FALSE,,15995.567,15995.567,0,TRUE,FALSE
C,A,20180101,2018,52,2018,288,GHA,Ghana,X,Export,826,GBR,United Kingdom,0,W00,World,H5,HS,TRUE,710812,"Metals; gold, non-monetary, unwrought (but not powder)",6,TRUE,C00,TOTAL CPC,0,0,TOTAL MOT,8,kg,0.11,FALSE,8,kg,0.11,FALSE,0.11,FALSE,,FALSE,,4298.708,4298.708,0,TRUE,FALSE
C,A,20180101,2018,52,2018,288,GHA,Ghana,X,Export,0,W00,World,0,W00,World,H5,HS,TRUE,710813,"Metals; gold, semi-manufactured",6,TRUE,C00,TOTAL CPC,0,0,TOTAL MOT,8,kg,171818.963,TRUE,-1,N/A,0,FALSE,171818.963,TRUE,,FALSE,,5444725459,5444725459,0,FALSE,TRUE
C,A,20180101,2018,52,2018,288,GHA,Ghana,X,Export,36,AUS,Australia,0,W00,World,H5,HS,TRUE,710813,"Metals; gold, semi-manufactured",6,TRUE,C00,TOTAL CPC,0,0,TOTAL MOT,8,kg,0.3,FALSE,8,kg,0.3,FALSE,0.3,FALSE,,FALSE,,12467.59,12467.59,0,TRUE,FALSE
C,A,20180101,2018,52,2018,288,GHA,Ghana,X,Export,56,BEL,Belgium,0,W00,World,H5,HS,TRUE,710813,"Metals; gold, semi-manufactured",6,TRUE,C00,TOTAL CPC,0,0,TOTAL MOT,8,kg,62.81,FALSE,8,kg,62.81,FALSE,62.81,FALSE,,FALSE,,2581128.327,2581128.327,0,TRUE,FALSE
C,A,20180101,2018,52,2018,288,GHA,Ghana,X,Export,76,BRA,Brazil,0,W00,World,H5,HS,TRUE,710813,"Metals; gold, semi-manufactured",6,TRUE,C00,TOTAL CPC,0,0,TOTAL MOT,8,kg,47.35,FALSE,8,kg,47.35,FALSE,47.35,FALSE,,FALSE,,1978182.651,1978182.651,0,TRUE,FALSE
C,A,20180101,2018,52,2018,288,GHA,Ghana,X,Export,124,CAN,Canada,0,W00,World,H5,HS,TRUE,710813,"Metals; gold, semi-manufactured",6,TRUE,C00,TOTAL CPC,0,0,TOTAL MOT,8,kg,1.03,FALSE,8,kg,1.03,FALSE,1.03,FALSE,,FALSE,,41956.43,41956.43,0,TRUE,FALSE
C,A,20180101,2018,52,2018,288,GHA,Ghana,X,Export,156,CHN,China,0,W00,World,H5,HS,TRUE,710813,"Metals; gold, semi-manufactured",6,TRUE,C00,TOTAL CPC,0,0,TOTAL MOT,8,kg,9.26,FALSE,8,kg,9.26,FALSE,9.26,FALSE,,FALSE,,37228.055,37228.055,0,TRUE,FALSE
C,A,20180101,2018,52,2018,288,GHA,Ghana,X,Export,208,DNK,Denmark,0,W00,World,H5,HS,TRUE,710813,"Metals; gold, semi-manufactured",6,TRUE,C00,TOTAL CPC,0,0,TOTAL MOT,8,kg,0.07,FALSE,8,kg,0.07,FALSE,0.07,FALSE,,FALSE,,2596.704,2596.704,0,TRUE,FALSE
C,A,20180101,2018,52,2018,288,GHA,Ghana,X,Export,233,EST,Estonia,0,W00,World,H5,HS,TRUE,710813,"Metals; gold, semi-manufactured",6,TRUE,C00,TOTAL CPC,0,0,TOTAL MOT,8,kg,0.94,FALSE,8,kg,0.94,FALSE,0.94,FALSE,,FALSE,,39696.448,39696.448,0,TRUE,FALSE
C,A,20180101,2018,52,2018,288,GHA,Ghana,X,Export,251,FRA,France,0,W00,World,H5,HS,TRUE,710813,"Metals; gold, semi-manufactured",6,TRUE,C00,TOTAL CPC,0,0,TOTAL MOT,8,kg,1.8,FALSE,8,kg,1.8,FALSE,1.8,FALSE,,FALSE,,77487.219,77487.219,0,TRUE,FALSE
C,A,20180101,2018,52,2018,288,GHA,Ghana,X,Export,276,DEU,Germany,0,W00,World,H5,HS,TRUE,710813,"Metals; gold, semi-manufactured",6,TRUE,C00,TOTAL CPC,0,0,TOTAL MOT,8,kg,1.02,FALSE,8,kg,1.02,FALSE,1.02,FALSE,,FALSE,,42448.75,42448.75,0,TRUE,FALSE
C,A,20180101,2018,52,2018,288,GHA,Ghana,X,Export,344,HKG,"China, Hong Kong SAR",0,W00,World,H5,HS,TRUE,710813,"Metals; gold, semi-manufactured",6,TRUE,C00,TOTAL CPC,0,0,TOTAL MOT,8,kg,1459.66,FALSE,8,kg,1459.66,FALSE,1459.66,FALSE,,FALSE,,60429683.3,60429683.3,0,TRUE,FALSE
C,A,20180101,2018,52,2018,288,GHA,Ghana,X,Export,380,ITA,Italy,0,W00,World,H5,HS,TRUE,710813,"Metals; gold, semi-manufactured",6,TRUE,C00,TOTAL CPC,0,0,TOTAL MOT,8,kg,6.78,FALSE,8,kg,6.78,FALSE,6.78,FALSE,,FALSE,,277779.343,277779.343,0,TRUE,FALSE
C,A,20180101,2018,52,2018,288,GHA,Ghana,X,Export,392,JPN,Japan,0,W00,World,H5,HS,TRUE,710813,"Metals; gold, semi-manufactured",6,TRUE,C00,TOTAL CPC,0,0,TOTAL MOT,8,kg,0.95,FALSE,8,kg,0.95,FALSE,0.95,FALSE,,FALSE,,38655.712,38655.712,0,TRUE,FALSE
C,A,20180101,2018,52,2018,288,GHA,Ghana,X,Export,410,KOR,Rep. of Korea,0,W00,World,H5,HS,TRUE,710813,"Metals; gold, semi-manufactured",6,TRUE,C00,TOTAL CPC,0,0,TOTAL MOT,8,kg,14.45,FALSE,8,kg,14.45,FALSE,14.45,FALSE,,FALSE,,597504.801,597504.801,0,TRUE,FALSE
C,A,20180101,2018,52,2018,288,GHA,Ghana,X,Export,414,KWT,Kuwait,0,W00,World,H5,HS,TRUE,710813,"Metals; gold, semi-manufactured",6,TRUE,C00,TOTAL CPC,0,0,TOTAL MOT,8,kg,1.84,FALSE,8,kg,1.84,FALSE,1.84,FALSE,,FALSE,,76181.664,76181.664,0,TRUE,FALSE
C,A,20180101,2018,52,2018,288,GHA,Ghana,X,Export,422,LBN,Lebanon,0,W00,World,H5,HS,TRUE,710813,"Metals; gold, semi-manufactured",6,TRUE,C00,TOTAL CPC,0,0,TOTAL MOT,8,kg,2329.05,FALSE,8,kg,2329.05,FALSE,2329.05,FALSE,,FALSE,,97431187.05,97431187.05,0,TRUE,FALSE
C,A,20180101,2018,52,2018,288,GHA,Ghana,X,Export,586,PAK,Pakistan,0,W00,World,H5,HS,TRUE,710813,"Metals; gold, semi-manufactured",6,TRUE,C00,TOTAL CPC,0,0,TOTAL MOT,8,kg,149,FALSE,8,kg,149,FALSE,149,FALSE,,FALSE,,5183509.859,5183509.859,0,TRUE,FALSE
C,A,20180101,2018,52,2018,288,GHA,Ghana,X,Export,620,PRT,Portugal,0,W00,World,H5,HS,TRUE,710813,"Metals; gold, semi-manufactured",6,TRUE,C00,TOTAL CPC,0,0,TOTAL MOT,8,kg,6.74,FALSE,8,kg,6.74,FALSE,6.74,FALSE,,FALSE,,302478.618,302478.618,0,TRUE,FALSE
C,A,20180101,2018,52,2018,288,GHA,Ghana,X,Export,634,QAT,Qatar,0,W00,World,H5,HS,TRUE,710813,"Metals; gold, semi-manufactured",6,TRUE,C00,TOTAL CPC,0,0,TOTAL MOT,8,kg,3,FALSE,8,kg,3,FALSE,3,FALSE,,FALSE,,149345.513,149345.513,0,TRUE,FALSE
C,A,20180101,2018,52,2018,288,GHA,Ghana,X,Export,694,SLE,Sierra Leone,0,W00,World,H5,HS,TRUE,710813,"Metals; gold, semi-manufactured",6,TRUE,C00,TOTAL CPC,0,0,TOTAL MOT,8,kg,9,FALSE,8,kg,9,FALSE,9,FALSE,,FALSE,,393443.448,393443.448,0,TRUE,FALSE
C,A,20180101,2018,52,2018,288,GHA,Ghana,X,Export,699,IND,India,0,W00,World,H5,HS,TRUE,710813,"Metals; gold, semi-manufactured",6,TRUE,C00,TOTAL CPC,0,0,TOTAL MOT,8,kg,58404.8,FALSE,8,kg,58404.8,FALSE,58404.8,FALSE,,FALSE,,2235391109,2235391109,0,TRUE,FALSE
C,A,20180101,2018,52,2018,288,GHA,Ghana,X,Export,710,ZAF,South Africa,0,W00,World,H5,HS,TRUE,710813,"Metals; gold, semi-manufactured",6,TRUE,C00,TOTAL CPC,0,0,TOTAL MOT,8,kg,26731.4,FALSE,8,kg,26731.4,FALSE,26731.4,FALSE,,FALSE,,916231515.6,916231515.6,0,TRUE,FALSE
C,A,20180101,2018,52,2018,288,GHA,Ghana,X,Export,724,ESP,Spain,0,W00,World,H5,HS,TRUE,710813,"Metals; gold, semi-manufactured",6,TRUE,C00,TOTAL CPC,0,0,TOTAL MOT,8,kg,48.39,FALSE,8,kg,48.39,FALSE,48.39,FALSE,,FALSE,,1999841.301,1999841.301,0,TRUE,FALSE
C,A,20180101,2018,52,2018,288,GHA,Ghana,X,Export,757,CHE,Switzerland,0,W00,World,H5,HS,TRUE,710813,"Metals; gold, semi-manufactured",6,TRUE,C00,TOTAL CPC,0,0,TOTAL MOT,8,kg,48681,FALSE,8,kg,48681,FALSE,48681,FALSE,,FALSE,,1620101542,1620101542,0,TRUE,FALSE
C,A,20180101,2018,52,2018,288,GHA,Ghana,X,Export,764,THA,Thailand,0,W00,World,H5,HS,TRUE,710813,"Metals; gold, semi-manufactured",6,TRUE,C00,TOTAL CPC,0,0,TOTAL MOT,8,kg,2.96,FALSE,8,kg,2.96,FALSE,2.96,FALSE,,FALSE,,121967.078,121967.078,0,TRUE,FALSE
C,A,20180101,2018,52,2018,288,GHA,Ghana,X,Export,784,ARE,United Arab Emirates,0,W00,World,H5,HS,TRUE,710813,"Metals; gold, semi-manufactured",6,TRUE,C00,TOTAL CPC,0,0,TOTAL MOT,8,kg,33481.813,TRUE,-1,N/A,0,FALSE,33481.813,TRUE,,FALSE,,485592846.6,485592846.6,0,TRUE,FALSE
C,A,20180101,2018,52,2018,288,GHA,Ghana,X,Export,792,TUR,FALSE,0,W00,World,H5,HS,TRUE,710813,"Metals; gold, semi-manufactured",6,TRUE,C00,TOTAL CPC,0,0,TOTAL MOT,8,kg,285.61,FALSE,8,kg,285.61,FALSE,285.61,FALSE,,FALSE,,12336913.4,12336913.4,0,TRUE,FALSE
C,A,20180101,2018,52,2018,288,GHA,Ghana,X,Export,826,GBR,United Kingdom,0,W00,World,H5,HS,TRUE,710813,"Metals; gold, semi-manufactured",6,TRUE,C00,TOTAL CPC,0,0,TOTAL MOT,8,kg,1.85,FALSE,8,kg,1.85,FALSE,1.85,FALSE,,FALSE,,74103.684,74103.684,0,TRUE,FALSE
C,A,20180101,2018,52,2018,288,GHA,Ghana,X,Export,842,USA,USA,0,W00,World,H5,HS,TRUE,710813,"Metals; gold, semi-manufactured",6,TRUE,C00,TOTAL CPC,0,0,TOTAL MOT,8,kg,76.09,FALSE,8,kg,76.09,FALSE,76.09,FALSE,,FALSE,,3182657.81,3182657.81,0,TRUE,FALSE
C,A,20190101,2019,52,2019,288,GHA,Ghana,X,Export,0,W00,World,0,W00,World,H5,HS,TRUE,7108,"Gold (including gold plated with platinum) unwrought or in semi-manufactured forms, or in powder form",4,FALSE,C00,TOTAL CPC,0,0,TOTAL MOT,-1,N/A,0,TRUE,-1,N/A,0,FALSE,,TRUE,0,FALSE,,6198864189,6198864189,6,FALSE,TRUE
C,A,20190101,2019,52,2019,288,GHA,Ghana,X,Export,40,AUT,Austria,0,W00,World,H5,HS,TRUE,7108,"Gold (including gold plated with platinum) unwrought or in semi-manufactured forms, or in powder form",4,FALSE,C00,TOTAL CPC,0,0,TOTAL MOT,8,kg,1,FALSE,8,kg,1,FALSE,1,FALSE,0,FALSE,,45142.302,45142.302,0,FALSE,TRUE
C,A,20190101,2019,52,2019,288,GHA,Ghana,X,Export,56,BEL,Belgium,0,W00,World,H5,HS,TRUE,7108,"Gold (including gold plated with platinum) unwrought or in semi-manufactured forms, or in powder form",4,FALSE,C00,TOTAL CPC,0,0,TOTAL MOT,8,kg,155.3,FALSE,8,kg,155.3,FALSE,155.3,FALSE,0,FALSE,,6692463.035,6692463.035,0,FALSE,TRUE
C,A,20190101,2019,52,2019,288,GHA,Ghana,X,Export,76,BRA,Brazil,0,W00,World,H5,HS,TRUE,7108,"Gold (including gold plated with platinum) unwrought or in semi-manufactured forms, or in powder form",4,FALSE,C00,TOTAL CPC,0,0,TOTAL MOT,8,kg,176.26,FALSE,8,kg,176.26,FALSE,176.26,FALSE,0,FALSE,,7382882.889,7382882.889,0,FALSE,TRUE
C,A,20190101,2019,52,2019,288,GHA,Ghana,X,Export,124,CAN,Canada,0,W00,World,H5,HS,TRUE,7108,"Gold (including gold plated with platinum) unwrought or in semi-manufactured forms, or in powder form",4,FALSE,C00,TOTAL CPC,0,0,TOTAL MOT,8,kg,82.97,FALSE,8,kg,82.97,FALSE,82.97,FALSE,0,FALSE,,3784391.01,3784391.01,0,FALSE,TRUE
C,A,20190101,2019,52,2019,288,GHA,Ghana,X,Export,344,HKG,"China, Hong Kong SAR",0,W00,World,H5,HS,TRUE,7108,"Gold (including gold plated with platinum) unwrought or in semi-manufactured forms, or in powder form",4,FALSE,C00,TOTAL CPC,0,0,TOTAL MOT,8,kg,4475.56,FALSE,8,kg,4475.56,FALSE,4475.56,FALSE,0,FALSE,,200832808.4,200832808.4,0,FALSE,TRUE
C,A,20190101,2019,52,2019,288,GHA,Ghana,X,Export,380,ITA,Italy,0,W00,World,H5,HS,TRUE,7108,"Gold (including gold plated with platinum) unwrought or in semi-manufactured forms, or in powder form",4,FALSE,C00,TOTAL CPC,0,0,TOTAL MOT,8,kg,6.5,FALSE,8,kg,6.5,FALSE,6.5,FALSE,0,FALSE,,274163.267,274163.267,0,FALSE,TRUE
C,A,20190101,2019,52,2019,288,GHA,Ghana,X,Export,392,JPN,Japan,0,W00,World,H5,HS,TRUE,7108,"Gold (including gold plated with platinum) unwrought or in semi-manufactured forms, or in powder form",4,FALSE,C00,TOTAL CPC,0,0,TOTAL MOT,8,kg,2.85,FALSE,8,kg,2.85,FALSE,2.85,FALSE,0,FALSE,,82558.677,82558.677,0,FALSE,TRUE
C,A,20190101,2019,52,2019,288,GHA,Ghana,X,Export,410,KOR,Rep. of Korea,0,W00,World,H5,HS,TRUE,7108,"Gold (including gold plated with platinum) unwrought or in semi-manufactured forms, or in powder form",4,FALSE,C00,TOTAL CPC,0,0,TOTAL MOT,8,kg,4.719,TRUE,-1,N/A,0,FALSE,4.719,TRUE,0,FALSE,,189617.456,189617.456,6,FALSE,TRUE
C,A,20190101,2019,52,2019,288,GHA,Ghana,X,Export,422,LBN,Lebanon,0,W00,World,H5,HS,TRUE,7108,"Gold (including gold plated with platinum) unwrought or in semi-manufactured forms, or in powder form",4,FALSE,C00,TOTAL CPC,0,0,TOTAL MOT,8,kg,53.75,FALSE,8,kg,53.75,FALSE,53.75,FALSE,0,FALSE,,2465542.426,2465542.426,0,FALSE,TRUE
C,A,20190101,2019,52,2019,288,GHA,Ghana,X,Export,428,LVA,Latvia,0,W00,World,H5,HS,TRUE,7108,"Gold (including gold plated with platinum) unwrought or in semi-manufactured forms, or in powder form",4,FALSE,C00,TOTAL CPC,0,0,TOTAL MOT,8,kg,1,FALSE,8,kg,1,FALSE,1,FALSE,0,FALSE,,42793.324,42793.324,0,FALSE,TRUE
C,A,20190101,2019,52,2019,288,GHA,Ghana,X,Export,490,S19,"Other Asia, nes",0,W00,World,H5,HS,TRUE,7108,"Gold (including gold plated with platinum) unwrought or in semi-manufactured forms, or in powder form",4,FALSE,C00,TOTAL CPC,0,0,TOTAL MOT,8,kg,1.87,FALSE,8,kg,1.87,FALSE,1.87,FALSE,0,FALSE,,75255.502,75255.502,0,FALSE,TRUE
C,A,20190101,2019,52,2019,288,GHA,Ghana,X,Export,528,NLD,Netherlands,0,W00,World,H5,HS,TRUE,7108,"Gold (including gold plated with platinum) unwrought or in semi-manufactured forms, or in powder form",4,FALSE,C00,TOTAL CPC,0,0,TOTAL MOT,8,kg,1,FALSE,8,kg,1,FALSE,1,FALSE,0,FALSE,,18081.253,18081.253,0,FALSE,TRUE
C,A,20190101,2019,52,2019,288,GHA,Ghana,X,Export,586,PAK,Pakistan,0,W00,World,H5,HS,TRUE,7108,"Gold (including gold plated with platinum) unwrought or in semi-manufactured forms, or in powder form",4,FALSE,C00,TOTAL CPC,0,0,TOTAL MOT,8,kg,332.99,FALSE,8,kg,332.99,FALSE,332.99,FALSE,0,FALSE,,13376260.64,13376260.64,0,FALSE,TRUE
C,A,20190101,2019,52,2019,288,GHA,Ghana,X,Export,620,PRT,Portugal,0,W00,World,H5,HS,TRUE,7108,"Gold (including gold plated with platinum) unwrought or in semi-manufactured forms, or in powder form",4,FALSE,C00,TOTAL CPC,0,0,TOTAL MOT,8,kg,2.91,FALSE,8,kg,2.91,FALSE,2.91,FALSE,0,FALSE,,119617.987,119617.987,0,FALSE,TRUE
C,A,20190101,2019,52,2019,288,GHA,Ghana,X,Export,682,SAU,Saudi Arabia,0,W00,World,H5,HS,TRUE,7108,"Gold (including gold plated with platinum) unwrought or in semi-manufactured forms, or in powder form",4,FALSE,C00,TOTAL CPC,0,0,TOTAL MOT,8,kg,0.05,FALSE,8,kg,0.05,FALSE,0.05,FALSE,0,FALSE,,2118.613,2118.613,0,FALSE,TRUE
C,A,20190101,2019,52,2019,288,GHA,Ghana,X,Export,694,SLE,Sierra Leone,0,W00,World,H5,HS,TRUE,7108,"Gold (including gold plated with platinum) unwrought or in semi-manufactured forms, or in powder form",4,FALSE,C00,TOTAL CPC,0,0,TOTAL MOT,8,kg,2.91,FALSE,8,kg,2.91,FALSE,2.91,FALSE,0,FALSE,,133714.873,133714.873,0,FALSE,TRUE
C,A,20190101,2019,52,2019,288,GHA,Ghana,X,Export,699,IND,India,0,W00,World,H5,HS,TRUE,7108,"Gold (including gold plated with platinum) unwrought or in semi-manufactured forms, or in powder form",4,FALSE,C00,TOTAL CPC,0,0,TOTAL MOT,8,kg,42521.79,FALSE,8,kg,42521.79,FALSE,42521.79,FALSE,0,FALSE,,1692926086,1692926086,0,FALSE,TRUE
C,A,20190101,2019,52,2019,288,GHA,Ghana,X,Export,702,SGP,Singapore,0,W00,World,H5,HS,TRUE,7108,"Gold (including gold plated with platinum) unwrought or in semi-manufactured forms, or in powder form",4,FALSE,C00,TOTAL CPC,0,0,TOTAL MOT,8,kg,1.86,FALSE,8,kg,1.86,FALSE,1.86,FALSE,0,FALSE,,75356.178,75356.178,0,FALSE,TRUE
C,A,20190101,2019,52,2019,288,GHA,Ghana,X,Export,710,ZAF,South Africa,0,W00,World,H5,HS,TRUE,7108,"Gold (including gold plated with platinum) unwrought or in semi-manufactured forms, or in powder form",4,FALSE,C00,TOTAL CPC,0,0,TOTAL MOT,8,kg,27752.32,FALSE,8,kg,27752.32,FALSE,27752.32,FALSE,0,FALSE,,1058886523,1058886523,0,FALSE,TRUE
C,A,20190101,2019,52,2019,288,GHA,Ghana,X,Export,757,CHE,Switzerland,0,W00,World,H5,HS,TRUE,7108,"Gold (including gold plated with platinum) unwrought or in semi-manufactured forms, or in powder form",4,FALSE,C00,TOTAL CPC,0,0,TOTAL MOT,8,kg,62921.79,FALSE,8,kg,62921.79,FALSE,62921.79,FALSE,0,FALSE,,2377844886,2377844886,0,FALSE,TRUE
C,A,20190101,2019,52,2019,288,GHA,Ghana,X,Export,764,THA,Thailand,0,W00,World,H5,HS,TRUE,7108,"Gold (including gold plated with platinum) unwrought or in semi-manufactured forms, or in powder form",4,FALSE,C00,TOTAL CPC,0,0,TOTAL MOT,8,kg,9.16,FALSE,8,kg,9.16,FALSE,9.16,FALSE,0,FALSE,,420098.031,420098.031,0,FALSE,TRUE
C,A,20190101,2019,52,2019,288,GHA,Ghana,X,Export,784,ARE,United Arab Emirates,0,W00,World,H5,HS,TRUE,7108,"Gold (including gold plated with platinum) unwrought or in semi-manufactured forms, or in powder form",4,FALSE,C00,TOTAL CPC,0,0,TOTAL MOT,-1,N/A,0,TRUE,-1,N/A,0,FALSE,,TRUE,0,FALSE,,830377218.3,830377218.3,6,FALSE,TRUE
C,A,20190101,2019,52,2019,288,GHA,Ghana,X,Export,792,TUR,FALSE,0,W00,World,H5,HS,TRUE,7108,"Gold (including gold plated with platinum) unwrought or in semi-manufactured forms, or in powder form",4,FALSE,C00,TOTAL CPC,0,0,TOTAL MOT,8,kg,52.08,FALSE,8,kg,52.08,FALSE,52.08,FALSE,0,FALSE,,2244722.262,2244722.262,0,FALSE,TRUE
C,A,20190101,2019,52,2019,288,GHA,Ghana,X,Export,826,GBR,United Kingdom,0,W00,World,H5,HS,TRUE,7108,"Gold (including gold plated with platinum) unwrought or in semi-manufactured forms, or in powder form",4,FALSE,C00,TOTAL CPC,0,0,TOTAL MOT,8,kg,6.58,FALSE,8,kg,6.58,FALSE,6.58,FALSE,0,FALSE,,270670.927,270670.927,0,FALSE,TRUE
C,A,20190101,2019,52,2019,288,GHA,Ghana,X,Export,842,USA,USA,0,W00,World,H5,HS,TRUE,7108,"Gold (including gold plated with platinum) unwrought or in semi-manufactured forms, or in powder form",4,FALSE,C00,TOTAL CPC,0,0,TOTAL MOT,8,kg,8.3,FALSE,8,kg,8.3,FALSE,8.3,FALSE,0,FALSE,,301215.448,301215.448,0,FALSE,TRUE
C,A,20190101,2019,52,2019,288,GHA,Ghana,X,Export,0,W00,World,0,W00,World,H5,HS,TRUE,710811,"Metals; gold, non-monetary, powder",6,TRUE,C00,TOTAL CPC,0,0,TOTAL MOT,8,kg,28.62,FALSE,8,kg,28.62,FALSE,28.62,FALSE,0,FALSE,,1019739.58,1019739.58,0,FALSE,TRUE
C,A,20190101,2019,52,2019,288,GHA,Ghana,X,Export,699,IND,India,0,W00,World,H5,HS,TRUE,710811,"Metals; gold, non-monetary, powder",6,TRUE,C00,TOTAL CPC,0,0,TOTAL MOT,8,kg,28.62,FALSE,8,kg,28.62,FALSE,28.62,FALSE,0,FALSE,,1019739.58,1019739.58,0,FALSE,TRUE
C,A,20190101,2019,52,2019,288,GHA,Ghana,X,Export,0,W00,World,0,W00,World,H5,HS,TRUE,710812,"Metals; gold, non-monetary, unwrought (but not powder)",6,TRUE,C00,TOTAL CPC,0,0,TOTAL MOT,8,kg,6319.37,FALSE,8,kg,6319.37,FALSE,6319.37,FALSE,0,FALSE,,269049410,269049410,0,FALSE,TRUE
C,A,20190101,2019,52,2019,288,GHA,Ghana,X,Export,344,HKG,"China, Hong Kong SAR",0,W00,World,H5,HS,TRUE,710812,"Metals; gold, non-monetary, unwrought (but not powder)",6,TRUE,C00,TOTAL CPC,0,0,TOTAL MOT,8,kg,414.08,FALSE,8,kg,414.08,FALSE,414.08,FALSE,0,FALSE,,19975599.81,19975599.81,0,FALSE,TRUE
C,A,20190101,2019,52,2019,288,GHA,Ghana,X,Export,380,ITA,Italy,0,W00,World,H5,HS,TRUE,710812,"Metals; gold, non-monetary, unwrought (but not powder)",6,TRUE,C00,TOTAL CPC,0,0,TOTAL MOT,8,kg,2.79,FALSE,8,kg,2.79,FALSE,2.79,FALSE,0,FALSE,,125839.499,125839.499,0,FALSE,TRUE
C,A,20190101,2019,52,2019,288,GHA,Ghana,X,Export,586,PAK,Pakistan,0,W00,World,H5,HS,TRUE,710812,"Metals; gold, non-monetary, unwrought (but not powder)",6,TRUE,C00,TOTAL CPC,0,0,TOTAL MOT,8,kg,92.99,FALSE,8,kg,92.99,FALSE,92.99,FALSE,0,FALSE,,3706906.025,3706906.025,0,FALSE,TRUE
C,A,20190101,2019,52,2019,288,GHA,Ghana,X,Export,694,SLE,Sierra Leone,0,W00,World,H5,HS,TRUE,710812,"Metals; gold, non-monetary, unwrought (but not powder)",6,TRUE,C00,TOTAL CPC,0,0,TOTAL MOT,8,kg,1.91,FALSE,8,kg,1.91,FALSE,1.91,FALSE,0,FALSE,,95730.664,95730.664,0,FALSE,TRUE
C,A,20190101,2019,52,2019,288,GHA,Ghana,X,Export,699,IND,India,0,W00,World,H5,HS,TRUE,710812,"Metals; gold, non-monetary, unwrought (but not powder)",6,TRUE,C00,TOTAL CPC,0,0,TOTAL MOT,8,kg,3719.88,FALSE,8,kg,3719.88,FALSE,3719.88,FALSE,0,FALSE,,154281377.9,154281377.9,0,FALSE,TRUE
C,A,20190101,2019,52,2019,288,GHA,Ghana,X,Export,702,SGP,Singapore,0,W00,World,H5,HS,TRUE,710812,"Metals; gold, non-monetary, unwrought (but not powder)",6,TRUE,C00,TOTAL CPC,0,0,TOTAL MOT,8,kg,1.86,FALSE,8,kg,1.86,FALSE,1.86,FALSE,0,FALSE,,75356.178,75356.178,0,FALSE,TRUE
C,A,20190101,2019,52,2019,288,GHA,Ghana,X,Export,764,THA,Thailand,0,W00,World,H5,HS,TRUE,710812,"Metals; gold, non-monetary, unwrought (but not powder)",6,TRUE,C00,TOTAL CPC,0,0,TOTAL MOT,8,kg,5.77,FALSE,8,kg,5.77,FALSE,5.77,FALSE,0,FALSE,,249579.776,249579.776,0,FALSE,TRUE
C,A,20190101,2019,52,2019,288,GHA,Ghana,X,Export,784,ARE,United Arab Emirates,0,W00,World,H5,HS,TRUE,710812,"Metals; gold, non-monetary, unwrought (but not powder)",6,TRUE,C00,TOTAL CPC,0,0,TOTAL MOT,8,kg,2075.37,FALSE,8,kg,2075.37,FALSE,2075.37,FALSE,0,FALSE,,90330155.37,90330155.37,0,FALSE,TRUE
C,A,20190101,2019,52,2019,288,GHA,Ghana,X,Export,792,TUR,FALSE,0,W00,World,H5,HS,TRUE,710812,"Metals; gold, non-monetary, unwrought (but not powder)",6,TRUE,C00,TOTAL CPC,0,0,TOTAL MOT,8,kg,2.79,FALSE,8,kg,2.79,FALSE,2.79,FALSE,0,FALSE,,113569.82,113569.82,0,FALSE,TRUE
C,A,20190101,2019,52,2019,288,GHA,Ghana,X,Export,842,USA,USA,0,W00,World,H5,HS,TRUE,710812,"Metals; gold, non-monetary, unwrought (but not powder)",6,TRUE,C00,TOTAL CPC,0,0,TOTAL MOT,8,kg,1.93,FALSE,8,kg,1.93,FALSE,1.93,FALSE,0,FALSE,,95294.964,95294.964,0,FALSE,TRUE
C,A,20190101,2019,52,2019,288,GHA,Ghana,X,Export,0,W00,World,0,W00,World,H5,HS,TRUE,710813,"Metals; gold, semi-manufactured",6,TRUE,C00,TOTAL CPC,0,0,TOTAL MOT,-1,N/A,0,TRUE,8,kg,1291935.17,FALSE,,TRUE,0,FALSE,,5928795039,5928795039,6,FALSE,TRUE
C,A,20190101,2019,52,2019,288,GHA,Ghana,X,Export,40,AUT,Austria,0,W00,World,H5,HS,TRUE,710813,"Metals; gold, semi-manufactured",6,TRUE,C00,TOTAL CPC,0,0,TOTAL MOT,8,kg,1,FALSE,8,kg,1,FALSE,1,FALSE,0,FALSE,,45142.302,45142.302,0,FALSE,TRUE
C,A,20190101,2019,52,2019,288,GHA,Ghana,X,Export,56,BEL,Belgium,0,W00,World,H5,HS,TRUE,710813,"Metals; gold, semi-manufactured",6,TRUE,C00,TOTAL CPC,0,0,TOTAL MOT,8,kg,155.3,FALSE,8,kg,155.3,FALSE,155.3,FALSE,0,FALSE,,6692463.035,6692463.035,0,FALSE,TRUE
C,A,20190101,2019,52,2019,288,GHA,Ghana,X,Export,76,BRA,Brazil,0,W00,World,H5,HS,TRUE,710813,"Metals; gold, semi-manufactured",6,TRUE,C00,TOTAL CPC,0,0,TOTAL MOT,8,kg,176.26,FALSE,8,kg,176.26,FALSE,176.26,FALSE,0,FALSE,,7382882.889,7382882.889,0,FALSE,TRUE
C,A,20190101,2019,52,2019,288,GHA,Ghana,X,Export,124,CAN,Canada,0,W00,World,H5,HS,TRUE,710813,"Metals; gold, semi-manufactured",6,TRUE,C00,TOTAL CPC,0,0,TOTAL MOT,8,kg,82.97,FALSE,8,kg,82.97,FALSE,82.97,FALSE,0,FALSE,,3784391.01,3784391.01,0,FALSE,TRUE
C,A,20190101,2019,52,2019,288,GHA,Ghana,X,Export,344,HKG,"China, Hong Kong SAR",0,W00,World,H5,HS,TRUE,710813,"Metals; gold, semi-manufactured",6,TRUE,C00,TOTAL CPC,0,0,TOTAL MOT,8,kg,4061.48,FALSE,8,kg,4061.48,FALSE,4061.48,FALSE,0,FALSE,,180857208.6,180857208.6,0,FALSE,TRUE
C,A,20190101,2019,52,2019,288,GHA,Ghana,X,Export,380,ITA,Italy,0,W00,World,H5,HS,TRUE,710813,"Metals; gold, semi-manufactured",6,TRUE,C00,TOTAL CPC,0,0,TOTAL MOT,8,kg,3.71,FALSE,8,kg,3.71,FALSE,3.71,FALSE,0,FALSE,,148323.769,148323.769,0,FALSE,TRUE
C,A,20190101,2019,52,2019,288,GHA,Ghana,X,Export,392,JPN,Japan,0,W00,World,H5,HS,TRUE,710813,"Metals; gold, semi-manufactured",6,TRUE,C00,TOTAL CPC,0,0,TOTAL MOT,8,kg,2.85,FALSE,8,kg,2.85,FALSE,2.85,FALSE,0,FALSE,,82558.677,82558.677,0,FALSE,TRUE
C,A,20190101,2019,52,2019,288,GHA,Ghana,X,Export,410,KOR,Rep. of Korea,0,W00,World,H5,HS,TRUE,710813,"Metals; gold, semi-manufactured",6,TRUE,C00,TOTAL CPC,0,0,TOTAL MOT,8,kg,4.719,TRUE,8,kg,929.76,FALSE,4.719,TRUE,0,FALSE,,189617.456,189617.456,6,FALSE,TRUE
C,A,20190101,2019,52,2019,288,GHA,Ghana,X,Export,422,LBN,Lebanon,0,W00,World,H5,HS,TRUE,710813,"Metals; gold, semi-manufactured",6,TRUE,C00,TOTAL CPC,0,0,TOTAL MOT,8,kg,53.75,FALSE,8,kg,53.75,FALSE,53.75,FALSE,0,FALSE,,2465542.426,2465542.426,0,FALSE,TRUE
C,A,20190101,2019,52,2019,288,GHA,Ghana,X,Export,428,LVA,Latvia,0,W00,World,H5,HS,TRUE,710813,"Metals; gold, semi-manufactured",6,TRUE,C00,TOTAL CPC,0,0,TOTAL MOT,8,kg,1,FALSE,8,kg,1,FALSE,1,FALSE,0,FALSE,,42793.324,42793.324,0,FALSE,TRUE
C,A,20190101,2019,52,2019,288,GHA,Ghana,X,Export,490,S19,"Other Asia, nes",0,W00,World,H5,HS,TRUE,710813,"Metals; gold, semi-manufactured",6,TRUE,C00,TOTAL CPC,0,0,TOTAL MOT,8,kg,1.87,FALSE,8,kg,1.87,FALSE,1.87,FALSE,0,FALSE,,75255.502,75255.502,0,FALSE,TRUE
C,A,20190101,2019,52,2019,288,GHA,Ghana,X,Export,528,NLD,Netherlands,0,W00,World,H5,HS,TRUE,710813,"Metals; gold, semi-manufactured",6,TRUE,C00,TOTAL CPC,0,0,TOTAL MOT,8,kg,1,FALSE,8,kg,1,FALSE,1,FALSE,0,FALSE,,18081.253,18081.253,0,FALSE,TRUE
C,A,20190101,2019,52,2019,288,GHA,Ghana,X,Export,586,PAK,Pakistan,0,W00,World,H5,HS,TRUE,710813,"Metals; gold, semi-manufactured",6,TRUE,C00,TOTAL CPC,0,0,TOTAL MOT,8,kg,240,FALSE,8,kg,240,FALSE,240,FALSE,0,FALSE,,9669354.618,9669354.618,0,FALSE,TRUE
C,A,20190101,2019,52,2019,288,GHA,Ghana,X,Export,620,PRT,Portugal,0,W00,World,H5,HS,TRUE,710813,"Metals; gold, semi-manufactured",6,TRUE,C00,TOTAL CPC,0,0,TOTAL MOT,8,kg,2.91,FALSE,8,kg,2.91,FALSE,2.91,FALSE,0,FALSE,,119617.987,119617.987,0,FALSE,TRUE
C,A,20190101,2019,52,2019,288,GHA,Ghana,X,Export,682,SAU,Saudi Arabia,0,W00,World,H5,HS,TRUE,710813,"Metals; gold, semi-manufactured",6,TRUE,C00,TOTAL CPC,0,0,TOTAL MOT,8,kg,0.05,FALSE,8,kg,0.05,FALSE,0.05,FALSE,0,FALSE,,2118.613,2118.613,0,FALSE,TRUE
C,A,20190101,2019,52,2019,288,GHA,Ghana,X,Export,694,SLE,Sierra Leone,0,W00,World,H5,HS,TRUE,710813,"Metals; gold, semi-manufactured",6,TRUE,C00,TOTAL CPC,0,0,TOTAL MOT,8,kg,1,FALSE,8,kg,1,FALSE,1,FALSE,0,FALSE,,37984.209,37984.209,0,FALSE,TRUE
C,A,20190101,2019,52,2019,288,GHA,Ghana,X,Export,699,IND,India,0,W00,World,H5,HS,TRUE,710813,"Metals; gold, semi-manufactured",6,TRUE,C00,TOTAL CPC,0,0,TOTAL MOT,8,kg,38773.29,FALSE,8,kg,38773.29,FALSE,38773.29,FALSE,0,FALSE,,1537624969,1537624969,0,FALSE,TRUE
C,A,20190101,2019,52,2019,288,GHA,Ghana,X,Export,710,ZAF,South Africa,0,W00,World,H5,HS,TRUE,710813,"Metals; gold, semi-manufactured",6,TRUE,C00,TOTAL CPC,0,0,TOTAL MOT,8,kg,27752.32,FALSE,8,kg,27752.32,FALSE,27752.32,FALSE,0,FALSE,,1058886523,1058886523,0,FALSE,TRUE
C,A,20190101,2019,52,2019,288,GHA,Ghana,X,Export,757,CHE,Switzerland,0,W00,World,H5,HS,TRUE,710813,"Metals; gold, semi-manufactured",6,TRUE,C00,TOTAL CPC,0,0,TOTAL MOT,8,kg,62921.79,FALSE,8,kg,62921.79,FALSE,62921.79,FALSE,0,FALSE,,2377844886,2377844886,0,FALSE,TRUE
C,A,20190101,2019,52,2019,288,GHA,Ghana,X,Export,764,THA,Thailand,0,W00,World,H5,HS,TRUE,710813,"Metals; gold, semi-manufactured",6,TRUE,C00,TOTAL CPC,0,0,TOTAL MOT,8,kg,3.39,FALSE,8,kg,3.39,FALSE,3.39,FALSE,0,FALSE,,170518.255,170518.255,0,FALSE,TRUE
C,A,20190101,2019,52,2019,288,GHA,Ghana,X,Export,784,ARE,United Arab Emirates,0,W00,World,H5,HS,TRUE,710813,"Metals; gold, semi-manufactured",6,TRUE,C00,TOTAL CPC,0,0,TOTAL MOT,-1,N/A,0,TRUE,8,kg,1156707.23,FALSE,,TRUE,0,FALSE,,740047062.9,740047062.9,6,FALSE,TRUE
C,A,20190101,2019,52,2019,288,GHA,Ghana,X,Export,792,TUR,FALSE,0,W00,World,H5,HS,TRUE,710813,"Metals; gold, semi-manufactured",6,TRUE,C00,TOTAL CPC,0,0,TOTAL MOT,8,kg,49.29,FALSE,8,kg,49.29,FALSE,49.29,FALSE,0,FALSE,,2131152.442,2131152.442,0,FALSE,TRUE
C,A,20190101,2019,52,2019,288,GHA,Ghana,X,Export,826,GBR,United Kingdom,0,W00,World,H5,HS,TRUE,710813,"Metals; gold, semi-manufactured",6,TRUE,C00,TOTAL CPC,0,0,TOTAL MOT,8,kg,6.58,FALSE,8,kg,6.58,FALSE,6.58,FALSE,0,FALSE,,270670.927,270670.927,0,FALSE,TRUE
C,A,20190101,2019,52,2019,288,GHA,Ghana,X,Export,842,USA,USA,0,W00,World,H5,HS,TRUE,710813,"Metals; gold, semi-manufactured",6,TRUE,C00,TOTAL CPC,0,0,TOTAL MOT,8,kg,6.37,FALSE,8,kg,6.37,FALSE,6.37,FALSE,0,FALSE,,205920.484,205920.484,0,FALSE,TRUE
C,A,20210101,2021,52,2021,288,GHA,Ghana,X,Export,0,W00,World,0,W00,World,H5,HS,TRUE,7108,"Gold (including gold plated with platinum) unwrought or in semi-manufactured forms, or in powder form",4,FALSE,C00,TOTAL CPC,0,0,TOTAL MOT,8,kg,2698822.551,FALSE,8,kg,5822523.01,FALSE,103016.865,FALSE,0,FALSE,,5123945223,5123945223,0,FALSE,TRUE
C,A,20210101,2021,52,2021,288,GHA,Ghana,X,Export,36,AUS,Australia,0,W00,World,H5,HS,TRUE,7108,"Gold (including gold plated with platinum) unwrought or in semi-manufactured forms, or in powder form",4,FALSE,C00,TOTAL CPC,0,0,TOTAL MOT,8,kg,104225.45,FALSE,8,kg,104225.45,FALSE,3960.257,FALSE,0,FALSE,,187334441.8,187334441.8,0,FALSE,TRUE
C,A,20210101,2021,52,2021,288,GHA,Ghana,X,Export,56,BEL,Belgium,0,W00,World,H5,HS,TRUE,7108,"Gold (including gold plated with platinum) unwrought or in semi-manufactured forms, or in powder form",4,FALSE,C00,TOTAL CPC,0,0,TOTAL MOT,8,kg,1,FALSE,8,kg,1,FALSE,1,FALSE,0,FALSE,,54867.579,54867.579,0,FALSE,TRUE
C,A,20210101,2021,52,2021,288,GHA,Ghana,X,Export,124,CAN,Canada,0,W00,World,H5,HS,TRUE,7108,"Gold (including gold plated with platinum) unwrought or in semi-manufactured forms, or in powder form",4,FALSE,C00,TOTAL CPC,0,0,TOTAL MOT,8,kg,693.401,FALSE,8,kg,693.401,FALSE,23.312,FALSE,0,FALSE,,1252011.358,1252011.358,0,FALSE,TRUE
C,A,20210101,2021,52,2021,288,GHA,Ghana,X,Export,276,DEU,Germany,0,W00,World,H5,HS,TRUE,7108,"Gold (including gold plated with platinum) unwrought or in semi-manufactured forms, or in powder form",4,FALSE,C00,TOTAL CPC,0,0,TOTAL MOT,8,kg,29.836,FALSE,8,kg,29.836,FALSE,0.928,FALSE,0,FALSE,,52494.727,52494.727,0,FALSE,TRUE
C,A,20210101,2021,52,2021,288,GHA,Ghana,X,Export,344,HKG,"China, Hong Kong SAR",0,W00,World,H5,HS,TRUE,7108,"Gold (including gold plated with platinum) unwrought or in semi-manufactured forms, or in powder form",4,FALSE,C00,TOTAL CPC,0,0,TOTAL MOT,8,kg,13202.04,FALSE,8,kg,13202.04,FALSE,688.179,FALSE,0,FALSE,,39794329.6,39794329.6,0,FALSE,TRUE
C,A,20210101,2021,52,2021,288,GHA,Ghana,X,Export,380,ITA,Italy,0,W00,World,H5,HS,TRUE,7108,"Gold (including gold plated with platinum) unwrought or in semi-manufactured forms, or in powder form",4,FALSE,C00,TOTAL CPC,0,0,TOTAL MOT,8,kg,1550.379,FALSE,8,kg,1550.379,FALSE,97.137,FALSE,0,FALSE,,5576114.614,5576114.614,0,FALSE,TRUE
C,A,20210101,2021,52,2021,288,GHA,Ghana,X,Export,392,JPN,Japan,0,W00,World,H5,HS,TRUE,7108,"Gold (including gold plated with platinum) unwrought or in semi-manufactured forms, or in powder form",4,FALSE,C00,TOTAL CPC,0,0,TOTAL MOT,8,kg,14.867,FALSE,8,kg,14.867,FALSE,0.462,FALSE,0,FALSE,,26257.523,26257.523,0,FALSE,TRUE
C,A,20210101,2021,52,2021,288,GHA,Ghana,X,Export,410,KOR,Rep. of Korea,0,W00,World,H5,HS,TRUE,7108,"Gold (including gold plated with platinum) unwrought or in semi-manufactured forms, or in powder form",4,FALSE,C00,TOTAL CPC,0,0,TOTAL MOT,8,kg,135.981,FALSE,8,kg,135.981,FALSE,5.973,FALSE,0,FALSE,,307300.855,307300.855,0,FALSE,TRUE
C,A,20210101,2021,52,2021,288,GHA,Ghana,X,Export,428,LVA,Latvia,0,W00,World,H5,HS,TRUE,7108,"Gold (including gold plated with platinum) unwrought or in semi-manufactured forms, or in powder form",4,FALSE,C00,TOTAL CPC,0,0,TOTAL MOT,8,kg,1,FALSE,8,kg,1,FALSE,0.91,FALSE,0,FALSE,,54588.092,54588.092,0,FALSE,TRUE
C,A,20210101,2021,52,2021,288,GHA,Ghana,X,Export,512,OMN,Oman,0,W00,World,H5,HS,TRUE,7108,"Gold (including gold plated with platinum) unwrought or in semi-manufactured forms, or in powder form",4,FALSE,C00,TOTAL CPC,0,0,TOTAL MOT,8,kg,31.892,FALSE,8,kg,31.892,FALSE,0.992,FALSE,0,FALSE,,57447.137,57447.137,0,FALSE,TRUE
C,A,20210101,2021,52,2021,288,GHA,Ghana,X,Export,554,NZL,New Zealand,0,W00,World,H5,HS,TRUE,7108,"Gold (including gold plated with platinum) unwrought or in semi-manufactured forms, or in powder form",4,FALSE,C00,TOTAL CPC,0,0,TOTAL MOT,8,kg,2.146,FALSE,8,kg,2.146,FALSE,0.067,FALSE,0,FALSE,,3672.255,3672.255,0,FALSE,TRUE
C,A,20210101,2021,52,2021,288,GHA,Ghana,X,Export,566,NGA,Nigeria,0,W00,World,H5,HS,TRUE,7108,"Gold (including gold plated with platinum) unwrought or in semi-manufactured forms, or in powder form",4,FALSE,C00,TOTAL CPC,0,0,TOTAL MOT,8,kg,59.588,FALSE,8,kg,59.588,FALSE,2.006,FALSE,0,FALSE,,109141.109,109141.109,0,FALSE,TRUE
C,A,20210101,2021,52,2021,288,GHA,Ghana,X,Export,616,POL,Poland,0,W00,World,H5,HS,TRUE,7108,"Gold (including gold plated with platinum) unwrought or in semi-manufactured forms, or in powder form",4,FALSE,C00,TOTAL CPC,0,0,TOTAL MOT,8,kg,3.123,FALSE,8,kg,3.123,FALSE,0.9,FALSE,0,FALSE,,5521.871,5521.871,0,FALSE,TRUE
C,A,20210101,2021,52,2021,288,GHA,Ghana,X,Export,694,SLE,Sierra Leone,0,W00,World,H5,HS,TRUE,7108,"Gold (including gold plated with platinum) unwrought or in semi-manufactured forms, or in powder form",4,FALSE,C00,TOTAL CPC,0,0,TOTAL MOT,8,kg,59.492,FALSE,8,kg,59.492,FALSE,2,FALSE,0,FALSE,,109809.689,109809.689,0,FALSE,TRUE
C,A,20210101,2021,52,2021,288,GHA,Ghana,X,Export,699,IND,India,0,W00,World,H5,HS,TRUE,7108,"Gold (including gold plated with platinum) unwrought or in semi-manufactured forms, or in powder form",4,FALSE,C00,TOTAL CPC,0,0,TOTAL MOT,8,kg,545893.147,FALSE,8,kg,547659.226,FALSE,19761.749,FALSE,0,FALSE,,1001975666,1001975666,0,FALSE,TRUE
C,A,20210101,2021,52,2021,288,GHA,Ghana,X,Export,710,ZAF,South Africa,0,W00,World,H5,HS,TRUE,7108,"Gold (including gold plated with platinum) unwrought or in semi-manufactured forms, or in powder form",4,FALSE,C00,TOTAL CPC,0,0,TOTAL MOT,8,kg,675674.324,FALSE,8,kg,3797608.704,FALSE,27501.882,FALSE,0,FALSE,,1393631712,1393631712,0,FALSE,TRUE
C,A,20210101,2021,52,2021,288,GHA,Ghana,X,Export,757,CHE,Switzerland,0,W00,World,H5,HS,TRUE,7108,"Gold (including gold plated with platinum) unwrought or in semi-manufactured forms, or in powder form",4,FALSE,C00,TOTAL CPC,0,0,TOTAL MOT,8,kg,1320169.2,FALSE,8,kg,1320169.2,FALSE,49403.677,FALSE,0,FALSE,,2405706522,2405706522,0,FALSE,TRUE
C,A,20210101,2021,52,2021,288,GHA,Ghana,X,Export,764,THA,Thailand,0,W00,World,H5,HS,TRUE,7108,"Gold (including gold plated with platinum) unwrought or in semi-manufactured forms, or in powder form",4,FALSE,C00,TOTAL CPC,0,0,TOTAL MOT,8,kg,1188.493,FALSE,8,kg,1188.493,FALSE,41.002,FALSE,0,FALSE,,2203179.524,2203179.524,0,FALSE,TRUE
C,A,20210101,2021,52,2021,288,GHA,Ghana,X,Export,784,ARE,United Arab Emirates,0,W00,World,H5,HS,TRUE,7108,"Gold (including gold plated with platinum) unwrought or in semi-manufactured forms, or in powder form",4,FALSE,C00,TOTAL CPC,0,0,TOTAL MOT,8,kg,30525.508,FALSE,8,kg,30525.508,FALSE,1341.972,FALSE,0,FALSE,,75164308.02,75164308.02,0,FALSE,TRUE
C,A,20210101,2021,52,2021,288,GHA,Ghana,X,Export,792,TUR,FALSE,0,W00,World,H5,HS,TRUE,7108,"Gold (including gold plated with platinum) unwrought or in semi-manufactured forms, or in powder form",4,FALSE,C00,TOTAL CPC,0,0,TOTAL MOT,8,kg,1334.371,FALSE,8,kg,1334.371,FALSE,41.727,FALSE,0,FALSE,,2610279.348,2610279.348,0,FALSE,TRUE
C,A,20210101,2021,52,2021,288,GHA,Ghana,X,Export,826,GBR,United Kingdom,0,W00,World,H5,HS,TRUE,7108,"Gold (including gold plated with platinum) unwrought or in semi-manufactured forms, or in powder form",4,FALSE,C00,TOTAL CPC,0,0,TOTAL MOT,8,kg,120.006,FALSE,8,kg,120.006,FALSE,3.732,FALSE,0,FALSE,,212855.823,212855.823,0,FALSE,TRUE
C,A,20210101,2021,52,2021,288,GHA,Ghana,X,Export,834,TZA,United Rep. of Tanzania,0,W00,World,H5,HS,TRUE,7108,"Gold (including gold plated with platinum) unwrought or in semi-manufactured forms, or in powder form",4,FALSE,C00,TOTAL CPC,0,0,TOTAL MOT,8,kg,3777.74,FALSE,8,kg,3777.74,FALSE,125.001,FALSE,0,FALSE,,7005170.528,7005170.528,0,FALSE,TRUE
C,A,20210101,2021,52,2021,288,GHA,Ghana,X,Export,842,USA,USA,0,W00,World,H5,HS,TRUE,7108,"Gold (including gold plated with platinum) unwrought or in semi-manufactured forms, or in powder form",4,FALSE,C00,TOTAL CPC,0,0,TOTAL MOT,8,kg,129.567,FALSE,8,kg,129.567,FALSE,12,FALSE,0,FALSE,,697531.864,697531.864,0,FALSE,TRUE
C,A,20210101,2021,52,2021,288,GHA,Ghana,X,Export,0,W00,World,0,W00,World,H5,HS,TRUE,710812,"Metals; gold, non-monetary, unwrought (but not powder)",6,TRUE,C00,TOTAL CPC,0,0,TOTAL MOT,8,kg,24135.228,FALSE,8,kg,25901.307,FALSE,765.114,FALSE,0,FALSE,,43933532.12,43933532.12,0,FALSE,TRUE
C,A,20210101,2021,52,2021,288,GHA,Ghana,X,Export,566,NGA,Nigeria,0,W00,World,H5,HS,TRUE,710812,"Metals; gold, non-monetary, unwrought (but not powder)",6,TRUE,C00,TOTAL CPC,0,0,TOTAL MOT,8,kg,59.588,FALSE,8,kg,59.588,FALSE,2.006,FALSE,0,FALSE,,109141.109,109141.109,0,FALSE,TRUE
C,A,20210101,2021,52,2021,288,GHA,Ghana,X,Export,694,SLE,Sierra Leone,0,W00,World,H5,HS,TRUE,710812,"Metals; gold, non-monetary, unwrought (but not powder)",6,TRUE,C00,TOTAL CPC,0,0,TOTAL MOT,8,kg,59.492,FALSE,8,kg,59.492,FALSE,2,FALSE,0,FALSE,,109809.689,109809.689,0,FALSE,TRUE
C,A,20210101,2021,52,2021,288,GHA,Ghana,X,Export,699,IND,India,0,W00,World,H5,HS,TRUE,710812,"Metals; gold, non-monetary, unwrought (but not powder)",6,TRUE,C00,TOTAL CPC,0,0,TOTAL MOT,8,kg,15510.537,FALSE,8,kg,17276.616,FALSE,493.002,FALSE,0,FALSE,,28448231.83,28448231.83,0,FALSE,TRUE
C,A,20210101,2021,52,2021,288,GHA,Ghana,X,Export,784,ARE,United Arab Emirates,0,W00,World,H5,HS,TRUE,710812,"Metals; gold, non-monetary, unwrought (but not powder)",6,TRUE,C00,TOTAL CPC,0,0,TOTAL MOT,8,kg,8144.227,FALSE,8,kg,8144.227,FALSE,256.719,FALSE,0,FALSE,,14490608.2,14490608.2,0,FALSE,TRUE
C,A,20210101,2021,52,2021,288,GHA,Ghana,X,Export,792,TUR,FALSE,0,W00,World,H5,HS,TRUE,710812,"Metals; gold, non-monetary, unwrought (but not powder)",6,TRUE,C00,TOTAL CPC,0,0,TOTAL MOT,8,kg,361.384,FALSE,8,kg,361.384,FALSE,11.387,FALSE,0,FALSE,,775741.291,775741.291,0,FALSE,TRUE
C,A,20210101,2021,52,2021,288,GHA,Ghana,X,Export,0,W00,World,0,W00,World,H5,HS,TRUE,710813,"Metals; gold, semi-manufactured",6,TRUE,C00,TOTAL CPC,0,0,TOTAL MOT,8,kg,2674687.323,FALSE,8,kg,5796621.703,FALSE,102251.751,FALSE,0,FALSE,,5080011691,5080011691,0,FALSE,TRUE
C,A,20210101,2021,52,2021,288,GHA,Ghana,X,Export,36,AUS,Australia,0,W00,World,H5,HS,TRUE,710813,"Metals; gold, semi-manufactured",6,TRUE,C00,TOTAL CPC,0,0,TOTAL MOT,8,kg,104225.45,FALSE,8,kg,104225.45,FALSE,3960.257,FALSE,0,FALSE,,187334441.8,187334441.8,0,FALSE,TRUE
C,A,20210101,2021,52,2021,288,GHA,Ghana,X,Export,56,BEL,Belgium,0,W00,World,H5,HS,TRUE,710813,"Metals; gold, semi-manufactured",6,TRUE,C00,TOTAL CPC,0,0,TOTAL MOT,8,kg,1,FALSE,8,kg,1,FALSE,1,FALSE,0,FALSE,,54867.579,54867.579,0,FALSE,TRUE
C,A,20210101,2021,52,2021,288,GHA,Ghana,X,Export,124,CAN,Canada,0,W00,World,H5,HS,TRUE,710813,"Metals; gold, semi-manufactured",6,TRUE,C00,TOTAL CPC,0,0,TOTAL MOT,8,kg,693.401,FALSE,8,kg,693.401,FALSE,23.312,FALSE,0,FALSE,,1252011.358,1252011.358,0,FALSE,TRUE
C,A,20210101,2021,52,2021,288,GHA,Ghana,X,Export,276,DEU,Germany,0,W00,World,H5,HS,TRUE,710813,"Metals; gold, semi-manufactured",6,TRUE,C00,TOTAL CPC,0,0,TOTAL MOT,8,kg,29.836,FALSE,8,kg,29.836,FALSE,0.928,FALSE,0,FALSE,,52494.727,52494.727,0,FALSE,TRUE
C,A,20210101,2021,52,2021,288,GHA,Ghana,X,Export,344,HKG,"China, Hong Kong SAR",0,W00,World,H5,HS,TRUE,710813,"Metals; gold, semi-manufactured",6,TRUE,C00,TOTAL CPC,0,0,TOTAL MOT,8,kg,13202.04,FALSE,8,kg,13202.04,FALSE,688.179,FALSE,0,FALSE,,39794329.6,39794329.6,0,FALSE,TRUE
C,A,20210101,2021,52,2021,288,GHA,Ghana,X,Export,380,ITA,Italy,0,W00,World,H5,HS,TRUE,710813,"Metals; gold, semi-manufactured",6,TRUE,C00,TOTAL CPC,0,0,TOTAL MOT,8,kg,1550.379,FALSE,8,kg,1550.379,FALSE,97.137,FALSE,0,FALSE,,5576114.614,5576114.614,0,FALSE,TRUE
C,A,20210101,2021,52,2021,288,GHA,Ghana,X,Export,392,JPN,Japan,0,W00,World,H5,HS,TRUE,710813,"Metals; gold, semi-manufactured",6,TRUE,C00,TOTAL CPC,0,0,TOTAL MOT,8,kg,14.867,FALSE,8,kg,14.867,FALSE,0.462,FALSE,0,FALSE,,26257.523,26257.523,0,FALSE,TRUE
C,A,20210101,2021,52,2021,288,GHA,Ghana,X,Export,410,KOR,Rep. of Korea,0,W00,World,H5,HS,TRUE,710813,"Metals; gold, semi-manufactured",6,TRUE,C00,TOTAL CPC,0,0,TOTAL MOT,8,kg,135.981,FALSE,8,kg,135.981,FALSE,5.973,FALSE,0,FALSE,,307300.855,307300.855,0,FALSE,TRUE
C,A,20210101,2021,52,2021,288,GHA,Ghana,X,Export,428,LVA,Latvia,0,W00,World,H5,HS,TRUE,710813,"Metals; gold, semi-manufactured",6,TRUE,C00,TOTAL CPC,0,0,TOTAL MOT,8,kg,1,FALSE,8,kg,1,FALSE,0.91,FALSE,0,FALSE,,54588.092,54588.092,0,FALSE,TRUE
C,A,20210101,2021,52,2021,288,GHA,Ghana,X,Export,512,OMN,Oman,0,W00,World,H5,HS,TRUE,710813,"Metals; gold, semi-manufactured",6,TRUE,C00,TOTAL CPC,0,0,TOTAL MOT,8,kg,31.892,FALSE,8,kg,31.892,FALSE,0.992,FALSE,0,FALSE,,57447.137,57447.137,0,FALSE,TRUE
C,A,20210101,2021,52,2021,288,GHA,Ghana,X,Export,554,NZL,New Zealand,0,W00,World,H5,HS,TRUE,710813,"Metals; gold, semi-manufactured",6,TRUE,C00,TOTAL CPC,0,0,TOTAL MOT,8,kg,2.146,FALSE,8,kg,2.146,FALSE,0.067,FALSE,0,FALSE,,3672.255,3672.255,0,FALSE,TRUE
C,A,20210101,2021,52,2021,288,GHA,Ghana,X,Export,616,POL,Poland,0,W00,World,H5,HS,TRUE,710813,"Metals; gold, semi-manufactured",6,TRUE,C00,TOTAL CPC,0,0,TOTAL MOT,8,kg,3.123,FALSE,8,kg,3.123,FALSE,0.9,FALSE,0,FALSE,,5521.871,5521.871,0,FALSE,TRUE
C,A,20210101,2021,52,2021,288,GHA,Ghana,X,Export,699,IND,India,0,W00,World,H5,HS,TRUE,710813,"Metals; gold, semi-manufactured",6,TRUE,C00,TOTAL CPC,0,0,TOTAL MOT,8,kg,530382.61,FALSE,8,kg,530382.61,FALSE,19268.747,FALSE,0,FALSE,,973527433.7,973527433.7,0,FALSE,TRUE
C,A,20210101,2021,52,2021,288,GHA,Ghana,X,Export,710,ZAF,South Africa,0,W00,World,H5,HS,TRUE,710813,"Metals; gold, semi-manufactured",6,TRUE,C00,TOTAL CPC,0,0,TOTAL MOT,8,kg,675674.324,FALSE,8,kg,3797608.704,FALSE,27501.882,FALSE,0,FALSE,,1393631712,1393631712,0,FALSE,TRUE
C,A,20210101,2021,52,2021,288,GHA,Ghana,X,Export,757,CHE,Switzerland,0,W00,World,H5,HS,TRUE,710813,"Metals; gold, semi-manufactured",6,TRUE,C00,TOTAL CPC,0,0,TOTAL MOT,8,kg,1320169.2,FALSE,8,kg,1320169.2,FALSE,49403.677,FALSE,0,FALSE,,2405706522,2405706522,0,FALSE,TRUE
C,A,20210101,2021,52,2021,288,GHA,Ghana,X,Export,764,THA,Thailand,0,W00,World,H5,HS,TRUE,710813,"Metals; gold, semi-manufactured",6,TRUE,C00,TOTAL CPC,0,0,TOTAL MOT,8,kg,1188.493,FALSE,8,kg,1188.493,FALSE,41.002,FALSE,0,FALSE,,2203179.524,2203179.524,0,FALSE,TRUE
C,A,20210101,2021,52,2021,288,GHA,Ghana,X,Export,784,ARE,United Arab Emirates,0,W00,World,H5,HS,TRUE,710813,"Metals; gold, semi-manufactured",6,TRUE,C00,TOTAL CPC,0,0,TOTAL MOT,8,kg,22381.281,FALSE,8,kg,22381.281,FALSE,1085.253,FALSE,0,FALSE,,60673699.82,60673699.82,0,FALSE,TRUE
C,A,20210101,2021,52,2021,288,GHA,Ghana,X,Export,792,TUR,FALSE,0,W00,World,H5,HS,TRUE,710813,"Metals; gold, semi-manufactured",6,TRUE,C00,TOTAL CPC,0,0,TOTAL MOT,8,kg,972.987,FALSE,8,kg,972.987,FALSE,30.34,FALSE,0,FALSE,,1834538.057,1834538.057,0,FALSE,TRUE
C,A,20210101,2021,52,2021,288,GHA,Ghana,X,Export,826,GBR,United Kingdom,0,W00,World,H5,HS,TRUE,710813,"Metals; gold, semi-manufactured",6,TRUE,C00,TOTAL CPC,0,0,TOTAL MOT,8,kg,120.006,FALSE,8,kg,120.006,FALSE,3.732,FALSE,0,FALSE,,212855.823,212855.823,0,FALSE,TRUE
C,A,20210101,2021,52,2021,288,GHA,Ghana,X,Export,834,TZA,United Rep. of Tanzania,0,W00,World,H5,HS,TRUE,710813,"Metals; gold, semi-manufactured",6,TRUE,C00,TOTAL CPC,0,0,TOTAL MOT,8,kg,3777.74,FALSE,8,kg,3777.74,FALSE,125.001,FALSE,0,FALSE,,7005170.528,7005170.528,0,FALSE,TRUE
C,A,20210101,2021,52,2021,288,GHA,Ghana,X,Export,842,USA,USA,0,W00,World,H5,HS,TRUE,710813,"Metals; gold, semi-manufactured",6,TRUE,C00,TOTAL CPC,0,0,TOTAL MOT,8,kg,129.567,FALSE,8,kg,129.567,FALSE,12,FALSE,0,FALSE,,697531.864,697531.864,0,FALSE,TRUE
C,A,20220101,2022,52,2022,288,GHA,Ghana,X,Export,0,W00,World,0,W00,World,H5,HS,TRUE,7108,"Gold (including gold plated with platinum) unwrought or in semi-manufactured forms, or in powder form",4,FALSE,C00,TOTAL CPC,0,0,TOTAL MOT,8,kg,3816018.965,TRUE,-1,N/A,0,FALSE,131349.213,TRUE,0,FALSE,,6540960051,6540960051,6,FALSE,TRUE
C,A,20220101,2022,52,2022,288,GHA,Ghana,X,Export,56,BEL,Belgium,0,W00,World,H5,HS,TRUE,7108,"Gold (including gold plated with platinum) unwrought or in semi-manufactured forms, or in powder form",4,FALSE,C00,TOTAL CPC,0,0,TOTAL MOT,8,kg,60.109,FALSE,8,kg,60.109,FALSE,2.779,FALSE,0,FALSE,,151382.933,151382.933,0,FALSE,TRUE
C,A,20220101,2022,52,2022,288,GHA,Ghana,X,Export,100,BGR,Bulgaria,0,W00,World,H5,HS,TRUE,7108,"Gold (including gold plated with platinum) unwrought or in semi-manufactured forms, or in powder form",4,FALSE,C00,TOTAL CPC,0,0,TOTAL MOT,8,kg,1.534,FALSE,8,kg,1.534,FALSE,0.048,FALSE,0,FALSE,,2465.781,2465.781,0,FALSE,TRUE
C,A,20220101,2022,52,2022,288,GHA,Ghana,X,Export,124,CAN,Canada,0,W00,World,H5,HS,TRUE,7108,"Gold (including gold plated with platinum) unwrought or in semi-manufactured forms, or in powder form",4,FALSE,C00,TOTAL CPC,0,0,TOTAL MOT,8,kg,2.424,FALSE,8,kg,2.424,FALSE,0.075,FALSE,0,FALSE,,4194.59,4194.59,0,FALSE,TRUE
C,A,20220101,2022,52,2022,288,GHA,Ghana,X,Export,156,CHN,China,0,W00,World,H5,HS,TRUE,7108,"Gold (including gold plated with platinum) unwrought or in semi-manufactured forms, or in powder form",4,FALSE,C00,TOTAL CPC,0,0,TOTAL MOT,8,kg,360.496,FALSE,8,kg,360.496,FALSE,12.01,FALSE,0,FALSE,,476349.26,476349.26,0,FALSE,TRUE
C,A,20220101,2022,52,2022,288,GHA,Ghana,X,Export,203,CZE,Czechia,0,W00,World,H5,HS,TRUE,7108,"Gold (including gold plated with platinum) unwrought or in semi-manufactured forms, or in powder form",4,FALSE,C00,TOTAL CPC,0,0,TOTAL MOT,8,kg,1,FALSE,8,kg,1,FALSE,1,FALSE,0,FALSE,,21151.683,21151.683,0,FALSE,TRUE
C,A,20220101,2022,52,2022,288,GHA,Ghana,X,Export,251,FRA,France,0,W00,World,H5,HS,TRUE,7108,"Gold (including gold plated with platinum) unwrought or in semi-manufactured forms, or in powder form",4,FALSE,C00,TOTAL CPC,0,0,TOTAL MOT,8,kg,3.709,FALSE,8,kg,3.709,FALSE,0.128,FALSE,0,FALSE,,6426.465,6426.465,0,FALSE,TRUE
C,A,20220101,2022,52,2022,288,GHA,Ghana,X,Export,344,HKG,"China, Hong Kong SAR",0,W00,World,H5,HS,TRUE,7108,"Gold (including gold plated with platinum) unwrought or in semi-manufactured forms, or in powder form",4,FALSE,C00,TOTAL CPC,0,0,TOTAL MOT,8,kg,13199.344,FALSE,8,kg,13199.344,FALSE,680.221,FALSE,0,FALSE,,39446307.62,39446307.62,0,FALSE,TRUE
C,A,20220101,2022,52,2022,288,GHA,Ghana,X,Export,392,JPN,Japan,0,W00,World,H5,HS,TRUE,7108,"Gold (including gold plated with platinum) unwrought or in semi-manufactured forms, or in powder form",4,FALSE,C00,TOTAL CPC,0,0,TOTAL MOT,8,kg,89.751,FALSE,8,kg,89.751,FALSE,2.845,FALSE,0,FALSE,,150452.11,150452.11,0,FALSE,TRUE
C,A,20220101,2022,52,2022,288,GHA,Ghana,X,Export,410,KOR,Rep. of Korea,0,W00,World,H5,HS,TRUE,7108,"Gold (including gold plated with platinum) unwrought or in semi-manufactured forms, or in powder form",4,FALSE,C00,TOTAL CPC,0,0,TOTAL MOT,8,kg,388.674,FALSE,8,kg,388.674,FALSE,12.988,FALSE,0,FALSE,,783424.158,783424.158,0,FALSE,TRUE
C,A,20220101,2022,52,2022,288,GHA,Ghana,X,Export,414,KWT,Kuwait,0,W00,World,H5,HS,TRUE,7108,"Gold (including gold plated with platinum) unwrought or in semi-manufactured forms, or in powder form",4,FALSE,C00,TOTAL CPC,0,0,TOTAL MOT,8,kg,301.747,FALSE,8,kg,301.747,FALSE,10.274,FALSE,0,FALSE,,650040.42,650040.42,0,FALSE,TRUE
C,A,20220101,2022,52,2022,288,GHA,Ghana,X,Export,458,MYS,Malaysia,0,W00,World,H5,HS,TRUE,7108,"Gold (including gold plated with platinum) unwrought or in semi-manufactured forms, or in powder form",4,FALSE,C00,TOTAL CPC,0,0,TOTAL MOT,8,kg,1,FALSE,8,kg,1,FALSE,1,FALSE,0,FALSE,,50049.689,50049.689,0,FALSE,TRUE
C,A,20220101,2022,52,2022,288,GHA,Ghana,X,Export,512,OMN,Oman,0,W00,World,H5,HS,TRUE,7108,"Gold (including gold plated with platinum) unwrought or in semi-manufactured forms, or in powder form",4,FALSE,C00,TOTAL CPC,0,0,TOTAL MOT,8,kg,1,FALSE,8,kg,1,FALSE,0.93,FALSE,0,FALSE,,45738.69,45738.69,0,FALSE,TRUE
C,A,20220101,2022,52,2022,288,GHA,Ghana,X,Export,616,POL,Poland,0,W00,World,H5,HS,TRUE,7108,"Gold (including gold plated with platinum) unwrought or in semi-manufactured forms, or in powder form",4,FALSE,C00,TOTAL CPC,0,0,TOTAL MOT,8,kg,29.201,FALSE,8,kg,29.201,FALSE,0.908,FALSE,0,FALSE,,81192.179,81192.179,0,FALSE,TRUE
C,A,20220101,2022,52,2022,288,GHA,Ghana,X,Export,634,QAT,Qatar,0,W00,World,H5,HS,TRUE,7108,"Gold (including gold plated with platinum) unwrought or in semi-manufactured forms, or in powder form",4,FALSE,C00,TOTAL CPC,0,0,TOTAL MOT,8,kg,1,FALSE,8,kg,1,FALSE,1,FALSE,0,FALSE,,237239.579,237239.579,0,FALSE,TRUE
C,A,20220101,2022,52,2022,288,GHA,Ghana,X,Export,686,SEN,Senegal,0,W00,World,H5,HS,TRUE,7108,"Gold (including gold plated with platinum) unwrought or in semi-manufactured forms, or in powder form",4,FALSE,C00,TOTAL CPC,0,0,TOTAL MOT,8,kg,29.982,FALSE,8,kg,29.982,FALSE,0.932,FALSE,0,FALSE,,47493.088,47493.088,0,FALSE,TRUE
C,A,20220101,2022,52,2022,288,GHA,Ghana,X,Export,699,IND,India,0,W00,World,H5,HS,TRUE,7108,"Gold (including gold plated with platinum) unwrought or in semi-manufactured forms, or in powder form",4,FALSE,C00,TOTAL CPC,0,0,TOTAL MOT,8,kg,729574.129,FALSE,8,kg,729574.129,FALSE,27268.105,FALSE,0,FALSE,,1400463716,1400463716,0,FALSE,TRUE
C,A,20220101,2022,52,2022,288,GHA,Ghana,X,Export,702,SGP,Singapore,0,W00,World,H5,HS,TRUE,7108,"Gold (including gold plated with platinum) unwrought or in semi-manufactured forms, or in powder form",4,FALSE,C00,TOTAL CPC,0,0,TOTAL MOT,8,kg,1.15,FALSE,8,kg,1.15,FALSE,1.07,FALSE,0,FALSE,,46484.931,46484.931,0,FALSE,TRUE
C,A,20220101,2022,52,2022,288,GHA,Ghana,X,Export,710,ZAF,South Africa,0,W00,World,H5,HS,TRUE,7108,"Gold (including gold plated with platinum) unwrought or in semi-manufactured forms, or in powder form",4,FALSE,C00,TOTAL CPC,0,0,TOTAL MOT,8,kg,1207402.72,TRUE,-1,N/A,0,FALSE,33618.998,TRUE,0,FALSE,,1620062309,1620062309,6,FALSE,TRUE
C,A,20220101,2022,52,2022,288,GHA,Ghana,X,Export,724,ESP,Spain,0,W00,World,H5,HS,TRUE,7108,"Gold (including gold plated with platinum) unwrought or in semi-manufactured forms, or in powder form",4,FALSE,C00,TOTAL CPC,0,0,TOTAL MOT,8,kg,59.543,FALSE,8,kg,59.543,FALSE,1.852,FALSE,0,FALSE,,92339.354,92339.354,0,FALSE,TRUE
C,A,20220101,2022,52,2022,288,GHA,Ghana,X,Export,757,CHE,Switzerland,0,W00,World,H5,HS,TRUE,7108,"Gold (including gold plated with platinum) unwrought or in semi-manufactured forms, or in powder form",4,FALSE,C00,TOTAL CPC,0,0,TOTAL MOT,8,kg,1759601.8,FALSE,8,kg,1759601.8,FALSE,64667.32,FALSE,0,FALSE,,3147154563,3147154563,0,FALSE,TRUE
C,A,20220101,2022,52,2022,288,GHA,Ghana,X,Export,764,THA,Thailand,0,W00,World,H5,HS,TRUE,7108,"Gold (including gold plated with platinum) unwrought or in semi-manufactured forms, or in powder form",4,FALSE,C00,TOTAL CPC,0,0,TOTAL MOT,8,kg,60.087,FALSE,8,kg,60.087,FALSE,1.894,FALSE,0,FALSE,,82006.206,82006.206,0,FALSE,TRUE
C,A,20220101,2022,52,2022,288,GHA,Ghana,X,Export,784,ARE,United Arab Emirates,0,W00,World,H5,HS,TRUE,7108,"Gold (including gold plated with platinum) unwrought or in semi-manufactured forms, or in powder form",4,FALSE,C00,TOTAL CPC,0,0,TOTAL MOT,8,kg,99489.677,FALSE,8,kg,602762.96,FALSE,4872.455,FALSE,0,FALSE,,316874807.2,316874807.2,0,FALSE,TRUE
C,A,20220101,2022,52,2022,288,GHA,Ghana,X,Export,792,TUR,FALSE,0,W00,World,H5,HS,TRUE,7108,"Gold (including gold plated with platinum) unwrought or in semi-manufactured forms, or in powder form",4,FALSE,C00,TOTAL CPC,0,0,TOTAL MOT,8,kg,1719.88,FALSE,8,kg,1719.88,FALSE,59,FALSE,0,FALSE,,4795774.213,4795774.213,0,FALSE,TRUE
C,A,20220101,2022,52,2022,288,GHA,Ghana,X,Export,842,USA,USA,0,W00,World,H5,HS,TRUE,7108,"Gold (including gold plated with platinum) unwrought or in semi-manufactured forms, or in powder form",4,FALSE,C00,TOTAL CPC,0,0,TOTAL MOT,8,kg,3296.773,FALSE,8,kg,3296.773,FALSE,119.68,FALSE,0,FALSE,,8662745.398,8662745.398,0,FALSE,TRUE
C,A,20220101,2022,52,2022,288,GHA,Ghana,X,Export,854,BFA,Burkina Faso,0,W00,World,H5,HS,TRUE,7108,"Gold (including gold plated with platinum) unwrought or in semi-manufactured forms, or in powder form",4,FALSE,C00,TOTAL CPC,0,0,TOTAL MOT,8,kg,342.235,FALSE,8,kg,342.235,FALSE,11.7,FALSE,0,FALSE,,571398.281,571398.281,0,FALSE,TRUE
C,A,20220101,2022,52,2022,288,GHA,Ghana,X,Export,0,W00,World,0,W00,World,H5,HS,TRUE,710812,"Metals; gold, non-monetary, unwrought (but not powder)",6,TRUE,C00,TOTAL CPC,0,0,TOTAL MOT,8,kg,38221.667,FALSE,8,kg,38221.667,FALSE,1190.287,FALSE,0,FALSE,,56418193.68,56418193.68,0,FALSE,TRUE
C,A,20220101,2022,52,2022,288,GHA,Ghana,X,Export,699,IND,India,0,W00,World,H5,HS,TRUE,710812,"Metals; gold, non-monetary, unwrought (but not powder)",6,TRUE,C00,TOTAL CPC,0,0,TOTAL MOT,8,kg,34030.079,FALSE,8,kg,34030.079,FALSE,1059.688,FALSE,0,FALSE,,49629947.63,49629947.63,0,FALSE,TRUE
C,A,20220101,2022,52,2022,288,GHA,Ghana,X,Export,764,THA,Thailand,0,W00,World,H5,HS,TRUE,710812,"Metals; gold, non-monetary, unwrought (but not powder)",6,TRUE,C00,TOTAL CPC,0,0,TOTAL MOT,8,kg,1,FALSE,8,kg,1,FALSE,0.057,FALSE,0,FALSE,,4903.813,4903.813,0,FALSE,TRUE
C,A,20220101,2022,52,2022,288,GHA,Ghana,X,Export,784,ARE,United Arab Emirates,0,W00,World,H5,HS,TRUE,710812,"Metals; gold, non-monetary, unwrought (but not powder)",6,TRUE,C00,TOTAL CPC,0,0,TOTAL MOT,8,kg,4190.588,FALSE,8,kg,4190.588,FALSE,130.542,FALSE,0,FALSE,,6783342.244,6783342.244,0,FALSE,TRUE
C,A,20220101,2022,52,2022,288,GHA,Ghana,X,Export,0,W00,World,0,W00,World,H5,HS,TRUE,710813,"Metals; gold, semi-manufactured",6,TRUE,C00,TOTAL CPC,0,0,TOTAL MOT,8,kg,3777797.298,TRUE,8,kg,4299587.793,FALSE,130158.926,TRUE,0,FALSE,,6484541858,6484541858,6,FALSE,TRUE
C,A,20220101,2022,52,2022,288,GHA,Ghana,X,Export,56,BEL,Belgium,0,W00,World,H5,HS,TRUE,710813,"Metals; gold, semi-manufactured",6,TRUE,C00,TOTAL CPC,0,0,TOTAL MOT,8,kg,60.109,FALSE,8,kg,60.109,FALSE,2.779,FALSE,0,FALSE,,151382.933,151382.933,0,FALSE,TRUE
C,A,20220101,2022,52,2022,288,GHA,Ghana,X,Export,100,BGR,Bulgaria,0,W00,World,H5,HS,TRUE,710813,"Metals; gold, semi-manufactured",6,TRUE,C00,TOTAL CPC,0,0,TOTAL MOT,8,kg,1.534,FALSE,8,kg,1.534,FALSE,0.048,FALSE,0,FALSE,,2465.781,2465.781,0,FALSE,TRUE
C,A,20220101,2022,52,2022,288,GHA,Ghana,X,Export,124,CAN,Canada,0,W00,World,H5,HS,TRUE,710813,"Metals; gold, semi-manufactured",6,TRUE,C00,TOTAL CPC,0,0,TOTAL MOT,8,kg,2.424,FALSE,8,kg,2.424,FALSE,0.075,FALSE,0,FALSE,,4194.59,4194.59,0,FALSE,TRUE
C,A,20220101,2022,52,2022,288,GHA,Ghana,X,Export,156,CHN,China,0,W00,World,H5,HS,TRUE,710813,"Metals; gold, semi-manufactured",6,TRUE,C00,TOTAL CPC,0,0,TOTAL MOT,8,kg,360.496,FALSE,8,kg,360.496,FALSE,12.01,FALSE,0,FALSE,,476349.26,476349.26,0,FALSE,TRUE
C,A,20220101,2022,52,2022,288,GHA,Ghana,X,Export,203,CZE,Czechia,0,W00,World,H5,HS,TRUE,710813,"Metals; gold, semi-manufactured",6,TRUE,C00,TOTAL CPC,0,0,TOTAL MOT,8,kg,1,FALSE,8,kg,1,FALSE,1,FALSE,0,FALSE,,21151.683,21151.683,0,FALSE,TRUE
C,A,20220101,2022,52,2022,288,GHA,Ghana,X,Export,251,FRA,France,0,W00,World,H5,HS,TRUE,710813,"Metals; gold, semi-manufactured",6,TRUE,C00,TOTAL CPC,0,0,TOTAL MOT,8,kg,3.709,FALSE,8,kg,3.709,FALSE,0.128,FALSE,0,FALSE,,6426.465,6426.465,0,FALSE,TRUE
C,A,20220101,2022,52,2022,288,GHA,Ghana,X,Export,344,HKG,"China, Hong Kong SAR",0,W00,World,H5,HS,TRUE,710813,"Metals; gold, semi-manufactured",6,TRUE,C00,TOTAL CPC,0,0,TOTAL MOT,8,kg,13199.344,FALSE,8,kg,13199.344,FALSE,680.221,FALSE,0,FALSE,,39446307.62,39446307.62,0,FALSE,TRUE
C,A,20220101,2022,52,2022,288,GHA,Ghana,X,Export,392,JPN,Japan,0,W00,World,H5,HS,TRUE,710813,"Metals; gold, semi-manufactured",6,TRUE,C00,TOTAL CPC,0,0,TOTAL MOT,8,kg,89.751,FALSE,8,kg,89.751,FALSE,2.845,FALSE,0,FALSE,,150452.11,150452.11,0,FALSE,TRUE
C,A,20220101,2022,52,2022,288,GHA,Ghana,X,Export,410,KOR,Rep. of Korea,0,W00,World,H5,HS,TRUE,710813,"Metals; gold, semi-manufactured",6,TRUE,C00,TOTAL CPC,0,0,TOTAL MOT,8,kg,388.674,FALSE,8,kg,388.674,FALSE,12.988,FALSE,0,FALSE,,783424.158,783424.158,0,FALSE,TRUE
C,A,20220101,2022,52,2022,288,GHA,Ghana,X,Export,414,KWT,Kuwait,0,W00,World,H5,HS,TRUE,710813,"Metals; gold, semi-manufactured",6,TRUE,C00,TOTAL CPC,0,0,TOTAL MOT,8,kg,301.747,FALSE,8,kg,301.747,FALSE,10.274,FALSE,0,FALSE,,650040.42,650040.42,0,FALSE,TRUE
C,A,20220101,2022,52,2022,288,GHA,Ghana,X,Export,458,MYS,Malaysia,0,W00,World,H5,HS,TRUE,710813,"Metals; gold, semi-manufactured",6,TRUE,C00,TOTAL CPC,0,0,TOTAL MOT,8,kg,1,FALSE,8,kg,1,FALSE,1,FALSE,0,FALSE,,50049.689,50049.689,0,FALSE,TRUE
C,A,20220101,2022,52,2022,288,GHA,Ghana,X,Export,512,OMN,Oman,0,W00,World,H5,HS,TRUE,710813,"Metals; gold, semi-manufactured",6,TRUE,C00,TOTAL CPC,0,0,TOTAL MOT,8,kg,1,FALSE,8,kg,1,FALSE,0.93,FALSE,0,FALSE,,45738.69,45738.69,0,FALSE,TRUE
C,A,20220101,2022,52,2022,288,GHA,Ghana,X,Export,616,POL,Poland,0,W00,World,H5,HS,TRUE,710813,"Metals; gold, semi-manufactured",6,TRUE,C00,TOTAL CPC,0,0,TOTAL MOT,8,kg,29.201,FALSE,8,kg,29.201,FALSE,0.908,FALSE,0,FALSE,,81192.179,81192.179,0,FALSE,TRUE
C,A,20220101,2022,52,2022,288,GHA,Ghana,X,Export,634,QAT,Qatar,0,W00,World,H5,HS,TRUE,710813,"Metals; gold, semi-manufactured",6,TRUE,C00,TOTAL CPC,0,0,TOTAL MOT,8,kg,1,FALSE,8,kg,1,FALSE,1,FALSE,0,FALSE,,237239.579,237239.579,0,FALSE,TRUE
C,A,20220101,2022,52,2022,288,GHA,Ghana,X,Export,686,SEN,Senegal,0,W00,World,H5,HS,TRUE,710813,"Metals; gold, semi-manufactured",6,TRUE,C00,TOTAL CPC,0,0,TOTAL MOT,8,kg,29.982,FALSE,8,kg,29.982,FALSE,0.932,FALSE,0,FALSE,,47493.088,47493.088,0,FALSE,TRUE
C,A,20220101,2022,52,2022,288,GHA,Ghana,X,Export,699,IND,India,0,W00,World,H5,HS,TRUE,710813,"Metals; gold, semi-manufactured",6,TRUE,C00,TOTAL CPC,0,0,TOTAL MOT,8,kg,695544.05,FALSE,8,kg,695544.05,FALSE,26208.417,FALSE,0,FALSE,,1350833768,1350833768,0,FALSE,TRUE
C,A,20220101,2022,52,2022,288,GHA,Ghana,X,Export,702,SGP,Singapore,0,W00,World,H5,HS,TRUE,710813,"Metals; gold, semi-manufactured",6,TRUE,C00,TOTAL CPC,0,0,TOTAL MOT,8,kg,1.15,FALSE,8,kg,1.15,FALSE,1.07,FALSE,0,FALSE,,46484.931,46484.931,0,FALSE,TRUE
C,A,20220101,2022,52,2022,288,GHA,Ghana,X,Export,710,ZAF,South Africa,0,W00,World,H5,HS,TRUE,710813,"Metals; gold, semi-manufactured",6,TRUE,C00,TOTAL CPC,0,0,TOTAL MOT,8,kg,1207402.72,TRUE,8,kg,1225919.932,FALSE,33618.998,TRUE,0,FALSE,,1620062309,1620062309,6,FALSE,TRUE
C,A,20220101,2022,52,2022,288,GHA,Ghana,X,Export,724,ESP,Spain,0,W00,World,H5,HS,TRUE,710813,"Metals; gold, semi-manufactured",6,TRUE,C00,TOTAL CPC,0,0,TOTAL MOT,8,kg,59.543,FALSE,8,kg,59.543,FALSE,1.852,FALSE,0,FALSE,,92339.354,92339.354,0,FALSE,TRUE
C,A,20220101,2022,52,2022,288,GHA,Ghana,X,Export,757,CHE,Switzerland,0,W00,World,H5,HS,TRUE,710813,"Metals; gold, semi-manufactured",6,TRUE,C00,TOTAL CPC,0,0,TOTAL MOT,8,kg,1759601.8,FALSE,8,kg,1759601.8,FALSE,64667.32,FALSE,0,FALSE,,3147154563,3147154563,0,FALSE,TRUE
C,A,20220101,2022,52,2022,288,GHA,Ghana,X,Export,764,THA,Thailand,0,W00,World,H5,HS,TRUE,710813,"Metals; gold, semi-manufactured",6,TRUE,C00,TOTAL CPC,0,0,TOTAL MOT,8,kg,59.087,FALSE,8,kg,59.087,FALSE,1.838,FALSE,0,FALSE,,77102.394,77102.394,0,FALSE,TRUE
C,A,20220101,2022,52,2022,288,GHA,Ghana,X,Export,784,ARE,United Arab Emirates,0,W00,World,H5,HS,TRUE,710813,"Metals; gold, semi-manufactured",6,TRUE,C00,TOTAL CPC,0,0,TOTAL MOT,8,kg,95299.089,FALSE,8,kg,598572.372,FALSE,4741.912,FALSE,0,FALSE,,310091464.9,310091464.9,0,FALSE,TRUE
C,A,20220101,2022,52,2022,288,GHA,Ghana,X,Export,792,TUR,FALSE,0,W00,World,H5,HS,TRUE,710813,"Metals; gold, semi-manufactured",6,TRUE,C00,TOTAL CPC,0,0,TOTAL MOT,8,kg,1719.88,FALSE,8,kg,1719.88,FALSE,59,FALSE,0,FALSE,,4795774.213,4795774.213,0,FALSE,TRUE
C,A,20220101,2022,52,2022,288,GHA,Ghana,X,Export,842,USA,USA,0,W00,World,H5,HS,TRUE,710813,"Metals; gold, semi-manufactured",6,TRUE,C00,TOTAL CPC,0,0,TOTAL MOT,8,kg,3296.773,FALSE,8,kg,3296.773,FALSE,119.68,FALSE,0,FALSE,,8662745.398,8662745.398,0,FALSE,TRUE
C,A,20220101,2022,52,2022,288,GHA,Ghana,X,Export,854,BFA,Burkina Faso,0,W00,World,H5,HS,TRUE,710813,"Metals; gold, semi-manufactured",6,TRUE,C00,TOTAL CPC,0,0,TOTAL MOT,8,kg,342.235,FALSE,8,kg,342.235,FALSE,11.7,FALSE,0,FALSE,,571398.281,571398.281,0,FALSE,TRUE
C,A,20230101,2023,52,2023,288,GHA,Ghana,X,Export,0,W00,World,0,W00,World,H5,HS,TRUE,7108,"Gold (including gold plated with platinum) unwrought or in semi-manufactured forms, or in powder form",4,FALSE,C00,TOTAL CPC,0,0,TOTAL MOT,8,kg,3096800.517,TRUE,-1,N/A,0,FALSE,141141.316,TRUE,0,FALSE,,7654649970,7654649970,6,FALSE,TRUE
C,A,20230101,2023,52,2023,288,GHA,Ghana,X,Export,156,CHN,China,0,W00,World,H5,HS,TRUE,7108,"Gold (including gold plated with platinum) unwrought or in semi-manufactured forms, or in powder form",4,FALSE,C00,TOTAL CPC,0,0,TOTAL MOT,8,kg,4050.15,FALSE,8,kg,4050.15,FALSE,139.02,FALSE,0,FALSE,,8060537.173,8060537.173,0,FALSE,TRUE
C,A,20230101,2023,52,2023,288,GHA,Ghana,X,Export,234,FRO,Faeroe Isds,0,W00,World,H5,HS,TRUE,7108,"Gold (including gold plated with platinum) unwrought or in semi-manufactured forms, or in powder form",4,FALSE,C00,TOTAL CPC,0,0,TOTAL MOT,8,kg,393.478,FALSE,8,kg,393.478,FALSE,12.59,FALSE,0,FALSE,,715977.549,715977.549,0,FALSE,TRUE
C,A,20230101,2023,52,2023,288,GHA,Ghana,X,Export,276,DEU,Germany,0,W00,World,H5,HS,TRUE,7108,"Gold (including gold plated with platinum) unwrought or in semi-manufactured forms, or in powder form",4,FALSE,C00,TOTAL CPC,0,0,TOTAL MOT,8,kg,1794.85,FALSE,8,kg,1794.85,FALSE,65.254,FALSE,0,FALSE,,3620365.549,3620365.549,0,FALSE,TRUE
C,A,20230101,2023,52,2023,288,GHA,Ghana,X,Export,344,HKG,"China, Hong Kong SAR",0,W00,World,H5,HS,TRUE,7108,"Gold (including gold plated with platinum) unwrought or in semi-manufactured forms, or in powder form",4,FALSE,C00,TOTAL CPC,0,0,TOTAL MOT,8,kg,9604.148,FALSE,8,kg,9604.148,FALSE,415.353,FALSE,0,FALSE,,25374969.81,25374969.81,0,FALSE,TRUE
C,A,20230101,2023,52,2023,288,GHA,Ghana,X,Export,410,KOR,Rep. of Korea,0,W00,World,H5,HS,TRUE,7108,"Gold (including gold plated with platinum) unwrought or in semi-manufactured forms, or in powder form",4,FALSE,C00,TOTAL CPC,0,0,TOTAL MOT,8,kg,7,FALSE,8,kg,7,FALSE,212,FALSE,0,FALSE,,13026947.07,13026947.07,0,FALSE,TRUE
C,A,20230101,2023,52,2023,288,GHA,Ghana,X,Export,699,IND,India,0,W00,World,H5,HS,TRUE,7108,"Gold (including gold plated with platinum) unwrought or in semi-manufactured forms, or in powder form",4,FALSE,C00,TOTAL CPC,0,0,TOTAL MOT,8,kg,331213.82,FALSE,8,kg,331213.82,FALSE,17182.419,FALSE,0,FALSE,,952333155.9,952333155.9,0,FALSE,TRUE
C,A,20230101,2023,52,2023,288,GHA,Ghana,X,Export,702,SGP,Singapore,0,W00,World,H5,HS,TRUE,7108,"Gold (including gold plated with platinum) unwrought or in semi-manufactured forms, or in powder form",4,FALSE,C00,TOTAL CPC,0,0,TOTAL MOT,8,kg,2,FALSE,8,kg,2,FALSE,1,FALSE,0,FALSE,,76423.68,76423.68,0,FALSE,TRUE
C,A,20230101,2023,52,2023,288,GHA,Ghana,X,Export,710,ZAF,South Africa,0,W00,World,H5,HS,TRUE,7108,"Gold (including gold plated with platinum) unwrought or in semi-manufactured forms, or in powder form",4,FALSE,C00,TOTAL CPC,0,0,TOTAL MOT,8,kg,950553.621,TRUE,-1,N/A,0,FALSE,31732.149,TRUE,0,FALSE,,1664744564,1664744564,6,FALSE,TRUE
C,A,20230101,2023,52,2023,288,GHA,Ghana,X,Export,757,CHE,Switzerland,0,W00,World,H5,HS,TRUE,7108,"Gold (including gold plated with platinum) unwrought or in semi-manufactured forms, or in powder form",4,FALSE,C00,TOTAL CPC,0,0,TOTAL MOT,8,kg,1713586.6,FALSE,8,kg,1713586.6,FALSE,59570.13,FALSE,0,FALSE,,3075132520,3075132520,0,FALSE,TRUE
C,A,20230101,2023,52,2023,288,GHA,Ghana,X,Export,784,ARE,United Arab Emirates,0,W00,World,H5,HS,TRUE,7108,"Gold (including gold plated with platinum) unwrought or in semi-manufactured forms, or in powder form",4,FALSE,C00,TOTAL CPC,0,0,TOTAL MOT,8,kg,64604.39,FALSE,8,kg,443128.61,FALSE,27756.401,FALSE,0,FALSE,,1667459103,1667459103,0,FALSE,TRUE
C,A,20230101,2023,52,2023,288,GHA,Ghana,X,Export,792,TUR,FALSE,0,W00,World,H5,HS,TRUE,7108,"Gold (including gold plated with platinum) unwrought or in semi-manufactured forms, or in powder form",4,FALSE,C00,TOTAL CPC,0,0,TOTAL MOT,8,kg,20990.46,FALSE,8,kg,20990.46,FALSE,4055,FALSE,0,FALSE,,244105406.5,244105406.5,0,FALSE,TRUE
C,A,20230101,2023,52,2023,288,GHA,Ghana,X,Export,0,W00,World,0,W00,World,H5,HS,TRUE,710812,"Metals; gold, non-monetary, unwrought (but not powder)",6,TRUE,C00,TOTAL CPC,0,0,TOTAL MOT,8,kg,2142.14,FALSE,8,kg,2142.14,FALSE,388.379,FALSE,0,FALSE,,22476662.45,22476662.45,0,FALSE,TRUE
C,A,20230101,2023,52,2023,288,GHA,Ghana,X,Export,344,HKG,"China, Hong Kong SAR",0,W00,World,H5,HS,TRUE,710812,"Metals; gold, non-monetary, unwrought (but not powder)",6,TRUE,C00,TOTAL CPC,0,0,TOTAL MOT,8,kg,1,FALSE,8,kg,1,FALSE,110,FALSE,0,FALSE,,7289541.492,7289541.492,0,FALSE,TRUE
C,A,20230101,2023,52,2023,288,GHA,Ghana,X,Export,410,KOR,Rep. of Korea,0,W00,World,H5,HS,TRUE,710812,"Metals; gold, non-monetary, unwrought (but not powder)",6,TRUE,C00,TOTAL CPC,0,0,TOTAL MOT,8,kg,7,FALSE,8,kg,7,FALSE,212,FALSE,0,FALSE,,13026947.07,13026947.07,0,FALSE,TRUE
C,A,20230101,2023,52,2023,288,GHA,Ghana,X,Export,699,IND,India,0,W00,World,H5,HS,TRUE,710812,"Metals; gold, non-monetary, unwrought (but not powder)",6,TRUE,C00,TOTAL CPC,0,0,TOTAL MOT,8,kg,2134.14,FALSE,8,kg,2134.14,FALSE,66.379,FALSE,0,FALSE,,2160173.89,2160173.89,0,FALSE,TRUE
C,A,20230101,2023,52,2023,288,GHA,Ghana,X,Export,0,W00,World,0,W00,World,H5,HS,TRUE,710813,"Metals; gold, semi-manufactured",6,TRUE,C00,TOTAL CPC,0,0,TOTAL MOT,8,kg,3094658.377,TRUE,8,kg,3487063.476,FALSE,140752.937,TRUE,0,FALSE,,7632173307,7632173307,6,FALSE,TRUE
C,A,20230101,2023,52,2023,288,GHA,Ghana,X,Export,156,CHN,China,0,W00,World,H5,HS,TRUE,710813,"Metals; gold, semi-manufactured",6,TRUE,C00,TOTAL CPC,0,0,TOTAL MOT,8,kg,4050.15,FALSE,8,kg,4050.15,FALSE,139.02,FALSE,0,FALSE,,8060537.173,8060537.173,0,FALSE,TRUE
C,A,20230101,2023,52,2023,288,GHA,Ghana,X,Export,234,FRO,Faeroe Isds,0,W00,World,H5,HS,TRUE,710813,"Metals; gold, semi-manufactured",6,TRUE,C00,TOTAL CPC,0,0,TOTAL MOT,8,kg,393.478,FALSE,8,kg,393.478,FALSE,12.59,FALSE,0,FALSE,,715977.549,715977.549,0,FALSE,TRUE
C,A,20230101,2023,52,2023,288,GHA,Ghana,X,Export,276,DEU,Germany,0,W00,World,H5,HS,TRUE,710813,"Metals; gold, semi-manufactured",6,TRUE,C00,TOTAL CPC,0,0,TOTAL MOT,8,kg,1794.85,FALSE,8,kg,1794.85,FALSE,65.254,FALSE,0,FALSE,,3620365.549,3620365.549,0,FALSE,TRUE
C,A,20230101,2023,52,2023,288,GHA,Ghana,X,Export,344,HKG,"China, Hong Kong SAR",0,W00,World,H5,HS,TRUE,710813,"Metals; gold, semi-manufactured",6,TRUE,C00,TOTAL CPC,0,0,TOTAL MOT,8,kg,9603.148,FALSE,8,kg,9603.148,FALSE,305.353,FALSE,0,FALSE,,18085428.32,18085428.32,0,FALSE,TRUE
C,A,20230101,2023,52,2023,288,GHA,Ghana,X,Export,699,IND,India,0,W00,World,H5,HS,TRUE,710813,"Metals; gold, semi-manufactured",6,TRUE,C00,TOTAL CPC,0,0,TOTAL MOT,8,kg,329079.68,FALSE,8,kg,329079.68,FALSE,17116.04,FALSE,0,FALSE,,950172982,950172982,0,FALSE,TRUE
C,A,20230101,2023,52,2023,288,GHA,Ghana,X,Export,702,SGP,Singapore,0,W00,World,H5,HS,TRUE,710813,"Metals; gold, semi-manufactured",6,TRUE,C00,TOTAL CPC,0,0,TOTAL MOT,8,kg,2,FALSE,8,kg,2,FALSE,1,FALSE,0,FALSE,,76423.68,76423.68,0,FALSE,TRUE
C,A,20230101,2023,52,2023,288,GHA,Ghana,X,Export,710,ZAF,South Africa,0,W00,World,H5,HS,TRUE,710813,"Metals; gold, semi-manufactured",6,TRUE,C00,TOTAL CPC,0,0,TOTAL MOT,8,kg,950553.621,TRUE,8,kg,964434.5,FALSE,31732.149,TRUE,0,FALSE,,1664744564,1664744564,6,FALSE,TRUE
C,A,20230101,2023,52,2023,288,GHA,Ghana,X,Export,757,CHE,Switzerland,0,W00,World,H5,HS,TRUE,710813,"Metals; gold, semi-manufactured",6,TRUE,C00,TOTAL CPC,0,0,TOTAL MOT,8,kg,1713586.6,FALSE,8,kg,1713586.6,FALSE,59570.13,FALSE,0,FALSE,,3075132520,3075132520,0,FALSE,TRUE
C,A,20230101,2023,52,2023,288,GHA,Ghana,X,Export,784,ARE,United Arab Emirates,0,W00,World,H5,HS,TRUE,710813,"Metals; gold, semi-manufactured",6,TRUE,C00,TOTAL CPC,0,0,TOTAL MOT,8,kg,64604.39,FALSE,8,kg,443128.61,FALSE,27756.401,FALSE,0,FALSE,,1667459103,1667459103,0,FALSE,TRUE
C,A,20230101,2023,52,2023,288,GHA,Ghana,X,Export,792,TUR,FALSE,0,W00,World,H5,HS,TRUE,710813,"Metals; gold, semi-manufactured",6,TRUE,C00,TOTAL CPC,0,0,TOTAL MOT,8,kg,20990.46,FALSE,8,kg,20990.46,FALSE,4055,FALSE,0,FALSE,,244105406.5,244105406.5,0,FALSE,TRUE